careerField,isEngineering,isInformatics,newCareerField,count
Ing. En Sistemas,Si,Si,Ingenieria relacionada directamente a informatica,1959
,,,,1910
Tecnologias De La Informacion,No,Si,No ingenieria relacionada directamente a informatica,1152
Adm. De Empresas,No,No,No ingenieria no relacionada directamente a informatica,952
Ing. Informatica,Si,Si,Ingenieria relacionada directamente a informatica,542
Ing. Industrial,Si,No,Ingenieria no relacionada directamente a informatica,416
Computacion / Informatica,No,Si,No ingenieria relacionada directamente a informatica,400
Ingenieria De Sistemas,Si,Si,Ingenieria relacionada directamente a informatica,363
Marketing / Comercializacion,No,No,No ingenieria no relacionada directamente a informatica,316
Otra,No,No,No ingenieria no relacionada directamente a informatica,305
Recursos Humanos / Relac. Ind.,No,No,No ingenieria no relacionada directamente a informatica,304
Psicologia,No,No,No ingenieria no relacionada directamente a informatica,243
Ing. - Otros,Si,No,Ingenieria no relacionada directamente a informatica,162
Trabajo Social,No,No,No ingenieria no relacionada directamente a informatica,150
Analisis De Sistemas,No,Si,No ingenieria relacionada directamente a informatica,114
Ing. Telecomunicaciones,Si,No,Ingenieria no relacionada directamente a informatica,110
Telecomunicaciones,No,No,No ingenieria no relacionada directamente a informatica,107
Programacion,No,Si,No ingenieria relacionada directamente a informatica,101
Finanzas,No,No,No ingenieria no relacionada directamente a informatica,93
Ingenieria Informatica,Si,Si,Ingenieria relacionada directamente a informatica,83
Procesos / Calidad Total,No,No,No ingenieria no relacionada directamente a informatica,83
Ing. Electronica,Si,No,Ingenieria no relacionada directamente a informatica,76
Bachiller,No,No,No ingenieria no relacionada directamente a informatica,75
Adm. Y Gestion Publica,No,No,No ingenieria no relacionada directamente a informatica,61
Diseno Grafico,No,No,No ingenieria no relacionada directamente a informatica,59
Comercio Int./Ext.,No,No,No ingenieria no relacionada directamente a informatica,57
Economia,No,No,No ingenieria no relacionada directamente a informatica,55
Ingenieria De Software,Si,Si,Ingenieria relacionada directamente a informatica,54
Ingenieria Industrial,Si,No,Ingenieria no relacionada directamente a informatica,52
Tecnologia De La Informacion,No,Si,No ingenieria relacionada directamente a informatica,49
Fisioterapia,No,No,No ingenieria no relacionada directamente a informatica,48
Contabilidad / Auditoria,No,No,No ingenieria no relacionada directamente a informatica,46
Comunicacion Social,No,No,No ingenieria no relacionada directamente a informatica,45
Tecnico,No,No,No ingenieria no relacionada directamente a informatica,43
Abogacia / Derecho / Leyes,No,No,No ingenieria no relacionada directamente a informatica,40
Estadistica,No,Si,No ingenieria relacionada directamente a informatica,40
Gestion De Proyectos,No,No,No ingenieria no relacionada directamente a informatica,39
Publicidad,No,No,No ingenieria no relacionada directamente a informatica,37
Computacion E Informatica,No,Si,No ingenieria relacionada directamente a informatica,33
Desarrollo De Aplicaciones Web,No,Si,No ingenieria relacionada directamente a informatica,30
Administracion Y Gestion De Empresas,No,No,No ingenieria no relacionada directamente a informatica,29
Comunicacion Audiovisual,No,No,No ingenieria no relacionada directamente a informatica,28
Educacion,No,No,No ingenieria no relacionada directamente a informatica,27
Ingenieria De Sistemas E Informatica,Si,Si,Ingenieria relacionada directamente a informatica,27
Ingenieria Mecatronica,Si,No,Ingenieria no relacionada directamente a informatica,22
Diseno Web,No,Si,No ingenieria relacionada directamente a informatica,21
Arquitectura,No,No,No ingenieria no relacionada directamente a informatica,19
Tecnologia Informatica/Tecnologia De Sistemas Informaticos,No,Si,No ingenieria relacionada directamente a informatica,19
Ingenieria,Si,No,Ingenieria no relacionada directamente a informatica,18
Programacion Informatica,No,Si,No ingenieria relacionada directamente a informatica,18
Seguridad Industrial,No,No,No ingenieria no relacionada directamente a informatica,18
"Administracion Y Gestion De Empresas, General",No,No,No ingenieria no relacionada directamente a informatica,17
Electronica,No,No,No ingenieria no relacionada directamente a informatica,16
Ingenieria Electronica,Si,No,Ingenieria no relacionada directamente a informatica,16
Traduccion,No,No,No ingenieria no relacionada directamente a informatica,16
Ciencias De La Educacion,No,No,No ingenieria no relacionada directamente a informatica,15
Ing. Comercial,Si,No,Ingenieria no relacionada directamente a informatica,15
Informatica,No,Si,No ingenieria relacionada directamente a informatica,14
Ingenieria De Sistemas De Informacion,Si,Si,Ingenieria relacionada directamente a informatica,14
Ingenieria De Telecomunicaciones,Si,No,Ingenieria no relacionada directamente a informatica,14
Interprete,No,No,No ingenieria no relacionada directamente a informatica,14
Ventas Internacionales/Exportacion,No,No,No ingenieria no relacionada directamente a informatica,14
Administracion De Empresas,No,No,No ingenieria no relacionada directamente a informatica,13
Information Technology,No,Si,No ingenieria relacionada directamente a informatica,13
Organizacion Industrial,No,No,No ingenieria no relacionada directamente a informatica,13
"Ingenieria Electronica, Robotica Y Mecatronica",Si,No,Ingenieria no relacionada directamente a informatica,12
Marketing,No,No,No ingenieria no relacionada directamente a informatica,12
Relaciones Publicas,No,No,No ingenieria no relacionada directamente a informatica,12
Turismo,No,No,No ingenieria no relacionada directamente a informatica,12
"Administracion/Administrador De Sistemas, Redes Y Comunicaciones Lan/Wan",No,Si,No ingenieria relacionada directamente a informatica,11
Asesoria En Comercio Exterior,No,No,No ingenieria no relacionada directamente a informatica,11
Ingenieria Electrica Y Electronica,Si,No,Ingenieria no relacionada directamente a informatica,11
Systems Engineering,Si,Si,Ingenieria relacionada directamente a informatica,11
Ingenieria De Sistemas Computacionales,Si,Si,Ingenieria relacionada directamente a informatica,10
Ingenieria Empresarial,Si,No,Ingenieria no relacionada directamente a informatica,10
Mecanica / Metalurgica,No,No,No ingenieria no relacionada directamente a informatica,10
Sistemas,No,Si,No ingenieria relacionada directamente a informatica,10
Administracion De Negocios,No,No,No ingenieria no relacionada directamente a informatica,9
Analisis De Sistemas Informaticos/Analista,No,Si,No ingenieria relacionada directamente a informatica,9
Aws Cloud Solutions Architect,No,Si,No ingenieria relacionada directamente a informatica,9
Ciencias De La Computacion,No,Si,No ingenieria relacionada directamente a informatica,9
Hoteleria,No,No,No ingenieria no relacionada directamente a informatica,9
Ing. Mecanica/Metalurgica,Si,No,Ingenieria no relacionada directamente a informatica,9
Ingenieria De Computacion Y Sistemas,Si,Si,Ingenieria relacionada directamente a informatica,8
Salud,No,No,No ingenieria no relacionada directamente a informatica,8
Sistemas E Informatica,No,Si,No ingenieria relacionada directamente a informatica,8
Computer Science,No,Si,No ingenieria relacionada directamente a informatica,7
Finanzas Internacionales,No,No,No ingenieria no relacionada directamente a informatica,7
Ingenieria Electrica,Si,No,Ingenieria no relacionada directamente a informatica,7
Ingenieria Empresarial Y De Sistemas,Si,Si,Ingenieria relacionada directamente a informatica,7
Ingeniero De Sistemas Especialidad Proyectos,Si,Si,Ingenieria relacionada directamente a informatica,7
Project Management,No,No,No ingenieria no relacionada directamente a informatica,7
Sociologia,No,No,No ingenieria no relacionada directamente a informatica,7
Business,No,No,No ingenieria no relacionada directamente a informatica,6
Computer Software Engineering,No,Si,No ingenieria relacionada directamente a informatica,6
"Gestion De Recursos Humanos/Administracion De Personal, General",No,No,No ingenieria no relacionada directamente a informatica,6
Ing. Alimentos,Si,No,Ingenieria no relacionada directamente a informatica,6
Ing. Obras Civiles/Construccion,Si,No,Ingenieria no relacionada directamente a informatica,6
Maestria En Educacion Con Mencion En Informatica Y Tecnologia Educativa,No,Si,No ingenieria relacionada directamente a informatica,6
Modelado Y Almacenamiento De Datos/Administracion De Bases De Datos,No,Si,No ingenieria relacionada directamente a informatica,6
Telecommunications Engineering,Si,No,Ingenieria no relacionada directamente a informatica,6
Ciencias Fisicas,No,No,No ingenieria no relacionada directamente a informatica,5
Ciencias Politicas,No,No,No ingenieria no relacionada directamente a informatica,5
Ing. Electrica,Si,No,Ingenieria no relacionada directamente a informatica,5
Ing. Transporte,Si,No,Ingenieria no relacionada directamente a informatica,5
Ingenieria Empresarial Y Sistemas,Si,Si,Ingenieria relacionada directamente a informatica,5
Mineria / Petroleo / Gas,No,No,No ingenieria no relacionada directamente a informatica,5
Periodismo,No,No,No ingenieria no relacionada directamente a informatica,5
Tecnologia/Tecnico De Software Informatico,No,Si,No ingenieria relacionada directamente a informatica,5
Analisis Y Diseno De Sistemas,No,Si,No ingenieria relacionada directamente a informatica,4
Analista Y Programador De Sistemas,No,Si,No ingenieria relacionada directamente a informatica,4
Computacion E Infomatica,No,Si,No ingenieria relacionada directamente a informatica,4
Computer Engineering,No,Si,No ingenieria relacionada directamente a informatica,4
Contabilidad Y Finanzas,No,No,No ingenieria no relacionada directamente a informatica,4
Data Science,No,Si,No ingenieria relacionada directamente a informatica,4
Diseno Industrial,No,No,No ingenieria no relacionada directamente a informatica,4
Diseno Industrial Y De Productos,No,No,No ingenieria no relacionada directamente a informatica,4
Filosofia,No,No,No ingenieria no relacionada directamente a informatica,4
"Informatica, Comunicaciones Y Servicios De Asistencia",No,Si,No ingenieria relacionada directamente a informatica,4
Ing. Naval,Si,No,Ingenieria no relacionada directamente a informatica,4
Ingenieria Civil,Si,No,Ingenieria no relacionada directamente a informatica,4
Ingenieria De Sistemas Y Computacion,Si,Si,Ingenieria relacionada directamente a informatica,4
Liderazgo Empresarial,No,No,No ingenieria no relacionada directamente a informatica,4
Seguros,No,No,No ingenieria no relacionada directamente a informatica,4
Tecnologia En La Gestion Empresarial/Procesamiento De Datos,No,Si,No ingenieria relacionada directamente a informatica,4
Abogada,No,No,No ingenieria no relacionada directamente a informatica,3
Administracion,No,No,No ingenieria no relacionada directamente a informatica,3
Administracion Bancaria Y Financiera,No,No,No ingenieria no relacionada directamente a informatica,3
Administracion De Base De Datos,No,Si,No ingenieria relacionada directamente a informatica,3
Administracion Y Direccion De Empresas,No,No,No ingenieria no relacionada directamente a informatica,3
Agronegocios,No,No,No ingenieria no relacionada directamente a informatica,3
"Business Administration And Management, General",No,No,No ingenieria no relacionada directamente a informatica,3
Ciencias Sociales,No,No,No ingenieria no relacionada directamente a informatica,3
Cip Ndeg 157126,No,No,No ingenieria no relacionada directamente a informatica,3
Cloud,No,Si,No ingenieria relacionada directamente a informatica,3
Construccion / Obras Civiles,No,No,No ingenieria no relacionada directamente a informatica,3
Desarrollador,No,Si,No ingenieria relacionada directamente a informatica,3
Desarrollo De Paginas Web,No,Si,No ingenieria relacionada directamente a informatica,3
Desarrollo De Software,No,Si,No ingenieria relacionada directamente a informatica,3
Diplomado,No,No,No ingenieria no relacionada directamente a informatica,3
Economia De La Empresa,No,No,No ingenieria no relacionada directamente a informatica,3
Estadistica Empresarial,No,Si,No ingenieria relacionada directamente a informatica,3
Fotografia,No,No,No ingenieria no relacionada directamente a informatica,3
Gerencia En Tecnologias De Informacion Y Comunicaciones,No,Si,No ingenieria relacionada directamente a informatica,3
Gestion De Tecnologia De La Informacion,No,Si,No ingenieria relacionada directamente a informatica,3
Gestion Logistica,No,No,No ingenieria no relacionada directamente a informatica,3
Ing. Quimica,Si,No,Ingenieria no relacionada directamente a informatica,3
Ingenieria De Redes Y Comunicaciones,Si,Si,Ingenieria relacionada directamente a informatica,3
Ingenieria Industrial Y De Sistemas,Si,Si,Ingenieria relacionada directamente a informatica,3
Ingenieria Informatica Y De Sistemas,Si,Si,Ingenieria relacionada directamente a informatica,3
Ingenieria Sistemas,Si,Si,Ingenieria relacionada directamente a informatica,3
Ingenierio Electronico Y Telecomunicaciones,Si,No,Ingenieria no relacionada directamente a informatica,3
Ingeniero Informatico,Si,Si,Ingenieria relacionada directamente a informatica,3
Lengua Y Literatura Inglesa,No,No,No ingenieria no relacionada directamente a informatica,3
Marketing Digital Aplicado A Empresas Y Negocios.,No,No,No ingenieria no relacionada directamente a informatica,3
"Marketing/Gestion De Marketing, General",No,No,No ingenieria no relacionada directamente a informatica,3
Mba-Administracion Y Gestion De Empresas,No,No,No ingenieria no relacionada directamente a informatica,3
Medicina,No,No,No ingenieria no relacionada directamente a informatica,3
Mercadotecnia Internacional,No,No,No ingenieria no relacionada directamente a informatica,3
Negocios Y Administracion,No,No,No ingenieria no relacionada directamente a informatica,3
Programa En Transformacion Digital,No,No,No ingenieria no relacionada directamente a informatica,3
Seguridad Informatica Y De Sistemas,No,Si,No ingenieria relacionada directamente a informatica,3
Sistemas De Informacion De Gestion,No,Si,No ingenieria relacionada directamente a informatica,3
"Sistemas De Informacion De Gestion, General",No,Si,No ingenieria relacionada directamente a informatica,3
System Engineering,No,Si,No ingenieria relacionada directamente a informatica,3
Tecnologia/Tecnico De Electronica Industrial,No,Si,No ingenieria relacionada directamente a informatica,3
- Procesos De Implementacion,No,No,No ingenieria no relacionada directamente a informatica,2
Administracion De Redes Y Comunicaciones,No,Si,No ingenieria relacionada directamente a informatica,2
Administracion Y Gerencia De Proyectos,No,No,No ingenieria no relacionada directamente a informatica,2
Administracion/Administrador De Redes Y Sistemas,No,Si,No ingenieria relacionada directamente a informatica,2
Administracion/Administrador De Sistemas,No,Si,No ingenieria relacionada directamente a informatica,2
Arquitectura Y Despliegue En Aws - Gestion Y Gobierno De Datos En Aws,No,Si,No ingenieria relacionada directamente a informatica,2
Bellas Artes,No,No,No ingenieria no relacionada directamente a informatica,2
Business Analytics,No,Si,No ingenieria relacionada directamente a informatica,2
Ciencias De La Comunicacion,No,No,No ingenieria no relacionada directamente a informatica,2
Ciencias Empresariales - Marketing Y Direccion Comercial,No,No,No ingenieria no relacionada directamente a informatica,2
Computacion Y Sistemas,No,Si,No ingenieria relacionada directamente a informatica,2
Computer/Information Technology Administration And Management,No,Si,No ingenieria relacionada directamente a informatica,2
Comunicador Social,No,No,No ingenieria no relacionada directamente a informatica,2
Decimo Superior,No,No,No ingenieria no relacionada directamente a informatica,2
Direccion De Tecnologias De Informacion,No,Si,No ingenieria relacionada directamente a informatica,2
Direccion Y Gestion De Proyectos,No,No,No ingenieria no relacionada directamente a informatica,2
Direccion Y Gestion De Tecnologias De Informacion,No,Si,No ingenieria relacionada directamente a informatica,2
Disenador Grafico,No,No,No ingenieria no relacionada directamente a informatica,2
Diseno De Base De Datos,No,Si,No ingenieria relacionada directamente a informatica,2
Electrical And Electronics Engineering,Si,No,Ingenieria no relacionada directamente a informatica,2
Electricidad,No,No,No ingenieria no relacionada directamente a informatica,2
"Empresa, Gestion, Marketing Y Disciplinas Afines",No,No,No ingenieria no relacionada directamente a informatica,2
Engineering,Si,No,Ingenieria no relacionada directamente a informatica,2
Especialista De Ti.,No,Si,No ingenieria relacionada directamente a informatica,2
Especialista En Tecnologias De Informacion,No,Si,No ingenieria relacionada directamente a informatica,2
Especializacion En Redes Y Telecomunicaciones,No,Si,No ingenieria relacionada directamente a informatica,2
Estudiante,No,No,No ingenieria no relacionada directamente a informatica,2
Geografia,No,No,No ingenieria no relacionada directamente a informatica,2
Gestion De Servicios De Ti - Itilv3,No,Si,No ingenieria relacionada directamente a informatica,2
Gestion De Tecnologias De La Informacion,No,Si,No ingenieria relacionada directamente a informatica,2
Gobierno De Tecnologias De La Informacion,No,Si,No ingenieria relacionada directamente a informatica,2
Historia,No,No,No ingenieria no relacionada directamente a informatica,2
Idioma Ingles,No,No,No ingenieria no relacionada directamente a informatica,2
Industrial Engineering,Si,No,Ingenieria no relacionada directamente a informatica,2
Ing. Ambiental,Si,No,Ingenieria no relacionada directamente a informatica,2
Ing. En Minas,Si,No,Ingenieria no relacionada directamente a informatica,2
Ingeneria En Diseno Industrial Y Desarrollo De Productos,Si,No,Ingenieria no relacionada directamente a informatica,2
Ingenieria De Las Telecomunicaciones,Si,No,Ingenieria no relacionada directamente a informatica,2
Ingenieria De Sistemas De Informacion Y Gestion,Si,Si,Ingenieria relacionada directamente a informatica,2
"Ingenieria Electrica, Electronica Y De Comunicaciones",Si,No,Ingenieria no relacionada directamente a informatica,2
Ingeniero De Sistemas,Si,Si,Ingenieria relacionada directamente a informatica,2
"International Business, Minor Specialization Big Data And Analytics ,",No,Si,No ingenieria relacionada directamente a informatica,2
Liderazgo En La Innovacion,No,No,No ingenieria no relacionada directamente a informatica,2
Literatura,No,No,No ingenieria no relacionada directamente a informatica,2
Logistica,No,No,No ingenieria no relacionada directamente a informatica,2
Maestria,No,No,No ingenieria no relacionada directamente a informatica,2
Maestria Administracion Y Direccion De Tecnologias De La Informacion,No,Si,No ingenieria relacionada directamente a informatica,2
"Maestria En Ingenieria De Sistemas, Mencion: Administracion Y Direccion De Ti",Si,Si,Ingenieria relacionada directamente a informatica,2
Management,No,No,No ingenieria no relacionada directamente a informatica,2
Marketing/Gestion De Marketing,No,No,No ingenieria no relacionada directamente a informatica,2
Master Of Business Administration - Mba,No,No,No ingenieria no relacionada directamente a informatica,2
Matematicas,No,No,No ingenieria no relacionada directamente a informatica,2
Mba,No,No,No ingenieria no relacionada directamente a informatica,2
Mecatronica,No,No,No ingenieria no relacionada directamente a informatica,2
Medio Ambiente,No,No,No ingenieria no relacionada directamente a informatica,2
Metologias Agiles,No,Si,No ingenieria relacionada directamente a informatica,2
Negocios Internacionales/Comercio Internacional,No,No,No ingenieria no relacionada directamente a informatica,2
Networking And Data Communications,No,Si,No ingenieria relacionada directamente a informatica,2
Procesamiento De Datos Y Tecnologia De Procesamiento De Datos,No,Si,No ingenieria relacionada directamente a informatica,2
Programa De Especializacion En Computacion E Informatica,No,Si,No ingenieria relacionada directamente a informatica,2
Psicopedagogia,No,No,No ingenieria no relacionada directamente a informatica,2
Redes Y Comunicaciones De Datos,No,Si,No ingenieria relacionada directamente a informatica,2
Relaciones Internac.,No,No,No ingenieria no relacionada directamente a informatica,2
Scrum Master,No,Si,No ingenieria relacionada directamente a informatica,2
Software Informatico Y Aplicaciones Multimedia,No,Si,No ingenieria relacionada directamente a informatica,2
Technology/Computer Software Technician,No,Si,No ingenieria relacionada directamente a informatica,2
Tecnologia De Informacion,No,Si,No ingenieria relacionada directamente a informatica,2
Tecnologia/Tecnico De Ingenieria Informatica,Si,Si,Ingenieria relacionada directamente a informatica,2
Telecommunications Technology/Technician,No,Si,No ingenieria relacionada directamente a informatica,2
Transformacion Digital,No,Si,No ingenieria relacionada directamente a informatica,2
Universitario,No,No,No ingenieria no relacionada directamente a informatica,2
Ux/Ui Design,No,Si,No ingenieria relacionada directamente a informatica,2
"Ventas Especializadas, Promocion Comercial Y Actividades De Marketing",No,No,No ingenieria no relacionada directamente a informatica,2
Abap-Sap,No,Si,No ingenieria relacionada directamente a informatica,1
Actuaria,No,No,No ingenieria no relacionada directamente a informatica,1
Adm Base De Datos,No,Si,No ingenieria relacionada directamente a informatica,1
Administracion Agropecuaria,No,No,No ingenieria no relacionada directamente a informatica,1
Administracion De Empresas Con Mencion En Marketing,No,No,No ingenieria no relacionada directamente a informatica,1
Administracion De Empresas Y Sistemas,No,Si,No ingenieria relacionada directamente a informatica,1
Administracion En La Nube,No,Si,No ingenieria relacionada directamente a informatica,1
Administracion Estrategica De Empresas,No,No,No ingenieria no relacionada directamente a informatica,1
"Administracion Estrategica De Empresas, Big Data Y Analytics",No,Si,No ingenieria relacionada directamente a informatica,1
Administracion Hotelera Y Turistica,No,No,No ingenieria no relacionada directamente a informatica,1
Administracion Mencion Informatica,No,Si,No ingenieria relacionada directamente a informatica,1
Administracion Publica,No,No,No ingenieria no relacionada directamente a informatica,1
Administracion Y Direccion De Negocios,No,No,No ingenieria no relacionada directamente a informatica,1
Administracion Y Direccion De Proyectos,No,No,No ingenieria no relacionada directamente a informatica,1
Administracion Y Negocios Internacionales,No,No,No ingenieria no relacionada directamente a informatica,1
Administracion Y Sistemas,No,Si,No ingenieria relacionada directamente a informatica,1
Administracion/Gestion Hotelera,No,No,No ingenieria no relacionada directamente a informatica,1
Administrador De Empresas,No,No,No ingenieria no relacionada directamente a informatica,1
Administrador De Redes Y Comunicaciones,No,Si,No ingenieria relacionada directamente a informatica,1
Analise De Sistemas De Computacao,No,Si,No ingenieria relacionada directamente a informatica,1
Analisis Y Programacion,No,Si,No ingenieria relacionada directamente a informatica,1
Analytics & Innovation,No,Si,No ingenieria relacionada directamente a informatica,1
Antropologia,No,No,No ingenieria no relacionada directamente a informatica,1
Arquitectura Cloud,No,Si,No ingenieria relacionada directamente a informatica,1
Arquitectura Y Urbanismo,No,No,No ingenieria no relacionada directamente a informatica,1
Arte Y Diseno Grafico Empresarial,No,No,No ingenieria no relacionada directamente a informatica,1
Asistente De Trafico,No,No,No ingenieria no relacionada directamente a informatica,1
Bachelor Of Science In Civil Engineering,Si,No,Ingenieria no relacionada directamente a informatica,1
Bachiller En Administracion Y Marketing,No,No,No ingenieria no relacionada directamente a informatica,1
Bachillerato,No,No,No ingenieria no relacionada directamente a informatica,1
Banca Seguros Y Servicios Financieros,No,No,No ingenieria no relacionada directamente a informatica,1
Basico,No,No,No ingenieria no relacionada directamente a informatica,1
Bienestar Social,No,No,No ingenieria no relacionada directamente a informatica,1
Big Data,No,Si,No ingenieria relacionada directamente a informatica,1
Big Data Y Data Science,No,Si,No ingenieria relacionada directamente a informatica,1
Bim Management,No,No,No ingenieria no relacionada directamente a informatica,1
Biologia Marina,No,No,No ingenieria no relacionada directamente a informatica,1
Biotecnologia,No,Si,No ingenieria relacionada directamente a informatica,1
Bpm (Business Process Management) Hp De Mexico,No,No,No ingenieria no relacionada directamente a informatica,1
Business Administration And Management,No,No,No ingenieria no relacionada directamente a informatica,1
"Business Administration, Management",No,No,No ingenieria no relacionada directamente a informatica,1
Business Analytics & Innovation,No,Si,No ingenieria relacionada directamente a informatica,1
Business And Systems Engineering,Si,Si,Ingenieria relacionada directamente a informatica,1
Business Expert - Administracion Y Direccion De Empresas,No,No,No ingenieria no relacionada directamente a informatica,1
Business Law With A Concentration In Corporate And Capital Market,No,No,No ingenieria no relacionada directamente a informatica,1
Business/Technology,No,Si,No ingenieria relacionada directamente a informatica,1
Call Center,No,No,No ingenieria no relacionada directamente a informatica,1
Capacitacion Comercio Exterior,No,No,No ingenieria no relacionada directamente a informatica,1
Cibersecurity,No,Si,No ingenieria relacionada directamente a informatica,1
Ciencia De Datos,No,Si,No ingenieria relacionada directamente a informatica,1
Ciencias Con Mencion En Tecnologias De La Informacion,No,Si,No ingenieria relacionada directamente a informatica,1
Ciencias Contables Y Finanzas Corporativas,No,No,No ingenieria no relacionada directamente a informatica,1
Ciencias Empresariales Con Especializacion En Gestion De Proyectos.,No,No,No ingenieria no relacionada directamente a informatica,1
Cinematografia Y Produccion De Cine Y Video,No,No,No ingenieria no relacionada directamente a informatica,1
Cloud Computing,No,Si,No ingenieria relacionada directamente a informatica,1
Coaching Ontologico,No,No,No ingenieria no relacionada directamente a informatica,1
Comercio,No,No,No ingenieria no relacionada directamente a informatica,1
Compras Internacionales/Importacion,No,No,No ingenieria no relacionada directamente a informatica,1
"Computer Programming/Programmer, General",No,Si,No ingenieria relacionada directamente a informatica,1
Computer Systems Networking And Telecommunications,No,Si,No ingenieria relacionada directamente a informatica,1
Comunicacion Efectiva,No,No,No ingenieria no relacionada directamente a informatica,1
Comunicacion En La Empresa / Comunicadora Social,No,No,No ingenieria no relacionada directamente a informatica,1
Comunicacion En Multimedios,No,No,No ingenieria no relacionada directamente a informatica,1
Comunicacion Of Development,No,No,No ingenieria no relacionada directamente a informatica,1
Concentracion En Marketing,No,No,No ingenieria no relacionada directamente a informatica,1
Contabilidad,No,No,No ingenieria no relacionada directamente a informatica,1
Contabilidad Y Gestion Empresarial,No,No,No ingenieria no relacionada directamente a informatica,1
Control De Calidad,No,No,No ingenieria no relacionada directamente a informatica,1
"Css3, C# - Asp.Net Mvc 5, Sistemas De Informacion De Gestion, General",No,Si,No ingenieria relacionada directamente a informatica,1
Cultura Organizacional Y Comunicacion Interna,No,No,No ingenieria no relacionada directamente a informatica,1
Customer Service Management,No,No,No ingenieria no relacionada directamente a informatica,1
Data,No,Si,No ingenieria relacionada directamente a informatica,1
Derecho,No,No,No ingenieria no relacionada directamente a informatica,1
Desarollo De Software,No,Si,No ingenieria relacionada directamente a informatica,1
Desarrollador Fullstack Web,No,Si,No ingenieria relacionada directamente a informatica,1
Desarrollador Software,No,Si,No ingenieria relacionada directamente a informatica,1
Desarrollo De Aplicaciones Web Y Moviles,No,Si,No ingenieria relacionada directamente a informatica,1
"Desarrollo De Paginas Web, Contenido Digital/Multimedia Y Recursos Informaticos",No,Si,No ingenieria relacionada directamente a informatica,1
Desarrollo De Software Y Gestion De Datos,No,Si,No ingenieria relacionada directamente a informatica,1
Desarrollo Web,No,Si,No ingenieria relacionada directamente a informatica,1
Devops,No,Si,No ingenieria relacionada directamente a informatica,1
Direccion De Recursos Humanos,No,No,No ingenieria no relacionada directamente a informatica,1
Direccion En Tecnologia De La Informacion,No,Si,No ingenieria relacionada directamente a informatica,1
Direccion Y Administracion De La Construccion,No,No,No ingenieria no relacionada directamente a informatica,1
Direccion Y Gestion De Empresas,No,No,No ingenieria no relacionada directamente a informatica,1
Direccion Y Gestion De Tecnologias De La Informacion (Ti),No,Si,No ingenieria relacionada directamente a informatica,1
Disenador Grafico Publicitario,No,No,No ingenieria no relacionada directamente a informatica,1
Diseno De Imagen Y Sonido,No,No,No ingenieria no relacionada directamente a informatica,1
Diseno De Producto,No,No,No ingenieria no relacionada directamente a informatica,1
Diseno De Productos Digitales,No,No,No ingenieria no relacionada directamente a informatica,1
Diseno De Vestuario / Textil / Modas,No,No,No ingenieria no relacionada directamente a informatica,1
Diseno Ux/Ui,No,Si,No ingenieria relacionada directamente a informatica,1
Diseno Y Comunicacion Visual,No,No,No ingenieria no relacionada directamente a informatica,1
"Diseno Y Comunicacion Visual, General",No,No,No ingenieria no relacionada directamente a informatica,1
Docencia Superior,No,No,No ingenieria no relacionada directamente a informatica,1
Educacion Universitaria/Gestion En El Ambito De La Educacion Universitaria,No,No,No ingenieria no relacionada directamente a informatica,1
Egresado,No,No,No ingenieria no relacionada directamente a informatica,1
Electronic Engineering And Telecommunications,Si,No,Ingenieria no relacionada directamente a informatica,1
Empresarial,No,No,No ingenieria no relacionada directamente a informatica,1
En Gestion Y Direccion De Tics,No,Si,No ingenieria relacionada directamente a informatica,1
En Proceso,No,No,No ingenieria no relacionada directamente a informatica,1
Enfermeria,No,No,No ingenieria no relacionada directamente a informatica,1
Engenharia Estatistica E Informatica,Si,Si,Ingenieria relacionada directamente a informatica,1
Engineering Telecommunications And Telematics,Si,No,Ingenieria no relacionada directamente a informatica,1
Ensenanza De Ingles Como Lengua Extranjera,No,No,No ingenieria no relacionada directamente a informatica,1
Especialista En Telecomunicaciones,No,No,No ingenieria no relacionada directamente a informatica,1
"Especializacion En Business Intelligence, Analytics Y Big Data",No,Si,No ingenieria relacionada directamente a informatica,1
Especializacion En Operaciones,No,No,No ingenieria no relacionada directamente a informatica,1
Estrategia E Innovacion Empresarial,No,No,No ingenieria no relacionada directamente a informatica,1
Estudio En Direccion Estrategica En Gestion De Riesgos Y Seguros En Las Organizaciones,No,No,No ingenieria no relacionada directamente a informatica,1
Estudios De Full Stack Developer,No,Si,No ingenieria relacionada directamente a informatica,1
Estudios Sobre Comunicacion Y Medios,No,No,No ingenieria no relacionada directamente a informatica,1
Experto En Expediente Tecnico Y Topografia,No,No,No ingenieria no relacionada directamente a informatica,1
Facultad De Ciencias,No,No,No ingenieria no relacionada directamente a informatica,1
"Finance, General",No,No,No ingenieria no relacionada directamente a informatica,1
Formacion Continua Y Educacion Para Adultos,No,No,No ingenieria no relacionada directamente a informatica,1
Formacion En Idiomas Extranjeros,No,No,No ingenieria no relacionada directamente a informatica,1
Front End,No,Si,No ingenieria relacionada directamente a informatica,1
Frontend Developer,No,Si,No ingenieria relacionada directamente a informatica,1
Gastronomia / Cocina,No,No,No ingenieria no relacionada directamente a informatica,1
Gerencia De Proyectos,No,No,No ingenieria no relacionada directamente a informatica,1
"Gerencia Empresarial, Administracion Y Gestion De Empresas",No,No,No ingenieria no relacionada directamente a informatica,1
Gerencia Estrategica De Ventas,No,No,No ingenieria no relacionada directamente a informatica,1
Gerencia Social,No,No,No ingenieria no relacionada directamente a informatica,1
Gerencia Y Administracion,No,No,No ingenieria no relacionada directamente a informatica,1
Gerencia Y Administracion De Empresas,No,No,No ingenieria no relacionada directamente a informatica,1
Gestion Comercial Y Negocios Digitales,No,No,No ingenieria no relacionada directamente a informatica,1
Gestion De Operaciones,No,No,No ingenieria no relacionada directamente a informatica,1
"Gestion De Piezas, Almacen E Inventario",No,No,No ingenieria no relacionada directamente a informatica,1
Gestion De Proyectos De Tecnologia De La Informacion,No,Si,No ingenieria relacionada directamente a informatica,1
Gestion De Proyectos Pmbok,No,No,No ingenieria no relacionada directamente a informatica,1
Gestion Del Talento Huma,No,No,No ingenieria no relacionada directamente a informatica,1
Gestion En Finanzas,No,No,No ingenieria no relacionada directamente a informatica,1
Gestion Publica,No,No,No ingenieria no relacionada directamente a informatica,1
"Gestion Y Direccion De Empresas ,",No,No,No ingenieria no relacionada directamente a informatica,1
Gestion Y Direccion De Proyectos,No,No,No ingenieria no relacionada directamente a informatica,1
Gestion Y Mejora Continua,No,No,No ingenieria no relacionada directamente a informatica,1
Gestion Y Supervision De Operaciones,No,No,No ingenieria no relacionada directamente a informatica,1
Gobierno De Ti,No,Si,No ingenieria relacionada directamente a informatica,1
Grado En Ingenieria,Si,No,Ingenieria no relacionada directamente a informatica,1
Hotel & Management,No,No,No ingenieria no relacionada directamente a informatica,1
Ig -1,No,No,No ingenieria no relacionada directamente a informatica,1
Ilustracion Digital,No,No,No ingenieria no relacionada directamente a informatica,1
Impuestos,No,No,No ingenieria no relacionada directamente a informatica,1
Industrial And Product Design,No,No,No ingenieria no relacionada directamente a informatica,1
Informacion Financiera Y Su Analisis,No,No,No ingenieria no relacionada directamente a informatica,1
Informatica De Gestion Social,No,Si,No ingenieria relacionada directamente a informatica,1
Informatica Y Sistemas,No,Si,No ingenieria relacionada directamente a informatica,1
Informatics Engineering,Si,Si,Ingenieria relacionada directamente a informatica,1
Information Security Awareness,No,Si,No ingenieria relacionada directamente a informatica,1
Information Systems Engineering,Si,Si,Ingenieria relacionada directamente a informatica,1
Information Tecnologies,No,Si,No ingenieria relacionada directamente a informatica,1
Ing De Sistemas,Si,Si,Ingenieria relacionada directamente a informatica,1
Ing. Aerospacial,Si,No,Ingenieria no relacionada directamente a informatica,1
Ing. Agronomo,Si,No,Ingenieria no relacionada directamente a informatica,1
Ing. De Sistemas,Si,Si,Ingenieria relacionada directamente a informatica,1
Ing. Petroleo,Si,No,Ingenieria no relacionada directamente a informatica,1
Ing. Sistemas,Si,Si,Ingenieria relacionada directamente a informatica,1
Ingeniera De Computo Y Sistemas,Si,Si,Ingenieria relacionada directamente a informatica,1
Ingeniera De Minas,Si,No,Ingenieria no relacionada directamente a informatica,1
Ingeniera Quimica,Si,No,Ingenieria no relacionada directamente a informatica,1
Ingeniera Sistemas,Si,Si,Ingenieria relacionada directamente a informatica,1
Ingenieria Biomedica,Si,No,Ingenieria no relacionada directamente a informatica,1
Ingenieria Biomedica/Medica,Si,No,Ingenieria no relacionada directamente a informatica,1
Ingenieria De Gestion Empresarial,Si,No,Ingenieria no relacionada directamente a informatica,1
Ingenieria De Redes,Si,Si,Ingenieria relacionada directamente a informatica,1
Ingenieria De Redes Y Comunicaciones-Epe,Si,Si,Ingenieria relacionada directamente a informatica,1
Ingenieria De Seguridad Y Auditoria Informatica,Si,Si,Ingenieria relacionada directamente a informatica,1
Ingenieria De Sistemas Empresariales,Si,Si,Ingenieria relacionada directamente a informatica,1
Ingenieria De Sistemas Y Gestion Empresarial,Si,Si,Ingenieria relacionada directamente a informatica,1
Ingenieria De Ss,Si,Si,Ingenieria relacionada directamente a informatica,1
Ingenieria Del Petroleo Y Gas,Si,No,Ingenieria no relacionada directamente a informatica,1
Ingenieria En Computacion E Informatica,Si,Si,Ingenieria relacionada directamente a informatica,1
Ingenieria En Informatica Y Sistemas,Si,Si,Ingenieria relacionada directamente a informatica,1
Ingenieria Industrial Y Comercial,Si,No,Ingenieria no relacionada directamente a informatica,1
Ingenieria Mecanica,Si,No,Ingenieria no relacionada directamente a informatica,1
Ingenieria Metalurgica,Si,No,Ingenieria no relacionada directamente a informatica,1
Ingenieria Quimica,Si,No,Ingenieria no relacionada directamente a informatica,1
Ingenieria Software,Si,Si,Ingenieria relacionada directamente a informatica,1
Ingeniero,Si,No,Ingenieria no relacionada directamente a informatica,1
"Ingeniero De Sistemas, Ingenieria De Sistemas",Si,Si,Ingenieria relacionada directamente a informatica,1
Ingeniero De Software,Si,Si,Ingenieria relacionada directamente a informatica,1
Ingeniero Electronico,Si,No,Ingenieria no relacionada directamente a informatica,1
Ingeniero En Construccion,Si,No,Ingenieria no relacionada directamente a informatica,1
Ingieneria De Software,Si,Si,Ingenieria relacionada directamente a informatica,1
Innovacion,No,Si,No ingenieria relacionada directamente a informatica,1
Innovacion Y Tecnologia,No,Si,No ingenieria relacionada directamente a informatica,1
Innovation,No,Si,No ingenieria relacionada directamente a informatica,1
Instituto De Idiomas Peruano - Britanico,No,No,No ingenieria no relacionada directamente a informatica,1
Instituto Superior Gnrl. Oscar Arteta T,No,No,No ingenieria no relacionada directamente a informatica,1
Inteligencia Artificial,No,Si,No ingenieria relacionada directamente a informatica,1
International Business,No,No,No ingenieria no relacionada directamente a informatica,1
Ipm,No,No,No ingenieria no relacionada directamente a informatica,1
It Engineering,Si,Si,Ingenieria relacionada directamente a informatica,1
Kierkegaard,No,No,No ingenieria no relacionada directamente a informatica,1
Law,No,No,No ingenieria no relacionada directamente a informatica,1
Leading In Artificial Intelligence: Exploring Technology And Policy Program,No,Si,No ingenieria relacionada directamente a informatica,1
Lean Supply Chain,No,No,No ingenieria no relacionada directamente a informatica,1
Legislacion Laboral Y Planillas,No,No,No ingenieria no relacionada directamente a informatica,1
Leyes,No,No,No ingenieria no relacionada directamente a informatica,1
Licenciada,No,No,No ingenieria no relacionada directamente a informatica,1
Licenciada En Educacion,No,No,No ingenieria no relacionada directamente a informatica,1
Linux System Administration,No,Si,No ingenieria relacionada directamente a informatica,1
Maestria Ciencias Gastronomicas,No,No,No ingenieria no relacionada directamente a informatica,1
Maestria En Administracion De Empresas,No,No,No ingenieria no relacionada directamente a informatica,1
Maestria En Direccion De Sistemas Y Tecnologias De Informacion,No,Si,No ingenieria relacionada directamente a informatica,1
Maestria En Direccion Y Gestion De Las Tecnologias De La Informacion Y Comunicaciones,No,Si,No ingenieria relacionada directamente a informatica,1
Maestria En Gerencia De Sistemas E Informatica,No,Si,No ingenieria relacionada directamente a informatica,1
Maestria En Ingenieria De Sistemas,Si,Si,Ingenieria relacionada directamente a informatica,1
Manejo Ambiental,No,No,No ingenieria no relacionada directamente a informatica,1
Marketing Empresarial,No,No,No ingenieria no relacionada directamente a informatica,1
Marketing Es Una Herramienta De Gestion Y Planificacion Empresarial.,No,No,No ingenieria no relacionada directamente a informatica,1
"Marketing, Ventas Y Responsabilidad Social",No,No,No ingenieria no relacionada directamente a informatica,1
Master Ejecutivo En Direccion De Sistemas Y Tecnologias De Informacion,No,Si,No ingenieria relacionada directamente a informatica,1
Mba Management & Computer Science,No,Si,No ingenieria relacionada directamente a informatica,1
Mecanica Y Reparacion,No,No,No ingenieria no relacionada directamente a informatica,1
"Mechatronics, Robotics, And Automation Engineering",Si,No,Ingenieria no relacionada directamente a informatica,1
Mejora Continua De Procesos,No,No,No ingenieria no relacionada directamente a informatica,1
Mencion En Ingenieria De Software,Si,Si,Ingenieria relacionada directamente a informatica,1
Networks And Telecommunications,No,Si,No ingenieria relacionada directamente a informatica,1
No,No,No,No ingenieria no relacionada directamente a informatica,1
Odontologia,No,No,No ingenieria no relacionada directamente a informatica,1
"Ordenacion Del Territorio, Urbanismo Y Medio Ambiente",No,No,No ingenieria no relacionada directamente a informatica,1
Planificacion Y Gestion De Procesos Empresariales,No,No,No ingenieria no relacionada directamente a informatica,1
Planificacion Y Servicios Financieros,No,No,No ingenieria no relacionada directamente a informatica,1
"Post Graduate,",No,No,No ingenieria no relacionada directamente a informatica,1
Postgrado Maestria,No,No,No ingenieria no relacionada directamente a informatica,1
Procesamiento De Datos,No,Si,No ingenieria relacionada directamente a informatica,1
Procesos De Negocios,No,No,No ingenieria no relacionada directamente a informatica,1
Productos Digitales,No,No,No ingenieria no relacionada directamente a informatica,1
Professional Carreer - Systems Engineering,Si,Si,Ingenieria relacionada directamente a informatica,1
Professional Program,No,No,No ingenieria no relacionada directamente a informatica,1
Programa De Especializacion,No,No,No ingenieria no relacionada directamente a informatica,1
Programa De Especializacion De Contrataciones Con El Estado,No,No,No ingenieria no relacionada directamente a informatica,1
Programa Internacional En Gerencia De Mantenimiento,No,No,No ingenieria no relacionada directamente a informatica,1
"Programacion Informatica, Aplicaciones Especificas",No,Si,No ingenieria relacionada directamente a informatica,1
"Programacion Informatica, General",No,Si,No ingenieria relacionada directamente a informatica,1
Programacion Y Base De Datos,No,Si,No ingenieria relacionada directamente a informatica,1
Programador,No,Si,No ingenieria relacionada directamente a informatica,1
Project Management Institute,No,No,No ingenieria no relacionada directamente a informatica,1
Proyectos Y Operaciones,No,No,No ingenieria no relacionada directamente a informatica,1
Psicologia Organizacional Y Recursos Humanos,No,No,No ingenieria no relacionada directamente a informatica,1
Publicidad Y Comunicacion Aplicada,No,No,No ingenieria no relacionada directamente a informatica,1
Recursos Humanos,No,No,No ingenieria no relacionada directamente a informatica,1
Recursos Humanos Y Sostenibilidad,No,No,No ingenieria no relacionada directamente a informatica,1
Redes Y Administracion De Datos,No,Si,No ingenieria relacionada directamente a informatica,1
"Robotics, And Automation Engineering, Mechatronics, Robotics, And Automation Engineering",Si,Si,Ingenieria relacionada directamente a informatica,1
Sap,No,Si,No ingenieria relacionada directamente a informatica,1
Secretariado,No,No,No ingenieria no relacionada directamente a informatica,1
Seguridad Y Hacking Etico,No,Si,No ingenieria relacionada directamente a informatica,1
Sistema De Informacion,No,Si,No ingenieria relacionada directamente a informatica,1
Sistemas Computacionales,No,Si,No ingenieria relacionada directamente a informatica,1
Sistemas De Informacion,No,Si,No ingenieria relacionada directamente a informatica,1
Sistemas Integrados De Gestion; Proyectos; Procesos,No,Si,No ingenieria relacionada directamente a informatica,1
Sistemas Y Tecnologia,No,Si,No ingenieria relacionada directamente a informatica,1
Software,No,Si,No ingenieria relacionada directamente a informatica,1
Software Development,No,Si,No ingenieria relacionada directamente a informatica,1
Software Engineering.,Si,Si,Ingenieria relacionada directamente a informatica,1
Software Testing,No,Si,No ingenieria relacionada directamente a informatica,1
Sql Server 2014,No,Si,No ingenieria relacionada directamente a informatica,1
Sql Server Nivel Basico - Avanzado,No,Si,No ingenieria relacionada directamente a informatica,1
Statistics,No,Si,No ingenieria relacionada directamente a informatica,1
Strategic Business Management 2010,No,No,No ingenieria no relacionada directamente a informatica,1
Supply Chain,No,No,No ingenieria no relacionada directamente a informatica,1
"System, Networking, And Lan/Wan Management/Manager",No,Si,No ingenieria relacionada directamente a informatica,1
Systems Engineer,Si,Si,Ingenieria relacionada directamente a informatica,1
Tecnico Profesional,No,No,No ingenieria no relacionada directamente a informatica,1
Tecnico/Programador En Microcomputacion,No,Si,No ingenieria relacionada directamente a informatica,1
Tecnologia,No,Si,No ingenieria relacionada directamente a informatica,1
"Tecnologia De La Informacion, Informatica",No,Si,No ingenieria relacionada directamente a informatica,1
"Tecnologia/Tecnico De Ingenieria Electrica, Electronica Y De Comunicaciones",Si,Si,Ingenieria relacionada directamente a informatica,1
Tecnologias De Informacion,No,Si,No ingenieria relacionada directamente a informatica,1
"Ti, Estrategia, Operaciones, Finanzas Y Sostenibilidad",No,Si,No ingenieria relacionada directamente a informatica,1
Transporte,No,No,No ingenieria no relacionada directamente a informatica,1
Universidad Nacional De Piura,No,No,No ingenieria no relacionada directamente a informatica,1
Ux/Ui Avanzado,No,Si,No ingenieria relacionada directamente a informatica,1
Ventas Generales,No,No,No ingenieria no relacionada directamente a informatica,1
Videojuegos Y Programacion,No,Si,No ingenieria relacionada directamente a informatica,1
Vmware,No,Si,No ingenieria relacionada directamente a informatica,1
Volte,No,Si,No ingenieria relacionada directamente a informatica,1
