lastWorkCenter,relatedToSoftwareDev,count
Canvia,Si,86
Freelance (Clientes),Si,78
Independiente,Si,42
Global Hitss,Si,40
Everis,Si,39
Indra,Si,38
Mdp Consulting,Si,37
Everis Peru Sac,Si,29
Tata Consultancy Services,Si,23
Pontificia Universidad Catolica Del Peru,No,21
Tivit,Si,21
Experis,Si,20
Autoridad Nacional Del Agua,No,18
Banco De Credito Del Peru,No,18
Softtek,Si,17
Freelance,Si,16
Interbank,No,16
Alicorp,No,15
Everis Peru,Si,15
Mdp,Si,15
Stefanini It Solutions,Si,15
Telefonica Del Peru,No,15
Universidad Privada Del Norte,No,15
Banco Ripley,No,14
Farmacias Peruanas,No,14
Mibanco,No,14
Onpe,No,14
Tgestiona,No,14
Tismart,Si,14
Banco Falabella,No,13
Itg Solutions,Si,13
Rimac Seguros,No,13
Scotiabank,No,13
Sunat,No,13
Fractalia,Si,12
Indra Peru,Si,12
La Positiva,No,12
Optical Networks,No,12
Bcp,No,11
Evol,Si,11
Ferreyros,No,11
Limcompany,Si,11
Sapia,No,11
Telefonica,No,11
Universidad Peruana De Ciencias Aplicadas,No,11
Yanbal,No,11
Auna,No,10
Faber Castell,No,10
Ibm,Si,10
Mdp Consulting S.A.C,Si,10
Minera Aurifera Retamas(Marsa),No,10
Programador Web Freelance,Si,10
Software Enterprise Services,Si,10
Stefanini Group,Si,10
Zoluxiones,Si,10
Atento,No,9
Atomikal,No,9
Compartamos Financiera,No,9
Experis (Asignado A Cliente Movistar),No,9
Indra Company,Si,9
Ntt Data,Si,9
Rmg,Si,9
Universidad Privada Norbert Wiener,No,9
Clinica San Pablo S.A.C.,No,8
Cryptocash,No,8
Csti,Si,8
Ferreyros Sa,No,8
Gate Gourmet,No,8
Gmd,No,8
Hundred,No,8
Inetum,Si,8
Manpower,No,8
Real Plaza,No,8
Rimac Seguros Y Reaseguros,No,8
Telefonica Ingenieria De Seguridad,No,8
Tottus,No,8
Universidad Alas Peruanas,No,8
Universidad Continental,No,8
Zegel Ipae,No,8
Claro Peru,No,7
Comdata Group,Si,7
Credicorp,No,7
Csti Corp,Si,7
Equifax,No,7
Especialidades Medicas Universal S.A.,No,7
Experis Manpower,No,7
Inei,No,7
Menorca,No,7
Ministerio De Salud,No,7
Ofisis Peru,Si,7
Protecso,Si,7
Pss,No,7
Sonda,Si,7
Trazzo Iluminacion,No,7
Universidad San Ignacio De Loyola,No,7
Universidad Tecnologica Del Peru,No,7
Upc,No,7
Usil,No,7
Anddes Asociados S.A.C,No,6
Aselera.S.A.C,Si,6
Ayesa Peru,No,6
Backus Sac,No,6
Banbif,No,6
Certero,No,6
Corporacion Sapia,Si,6
Delaware - Telefonica Del Peru,Si,6
Entel Peru,No,6
Fesepsa S.A,No,6
Fortel Customer Experience,No,6
Grupo El Comercio,No,6
Hfocus Licenciamiento De Software,Si,6
Hitss,Si,6
Huawei,No,6
Itg Solutions S.A.C,Si,6
M&Amp;N Multiservicios,No,6
Manpowergroup,No,6
Metrica Andina,Si,6
Mi Banco,No,6
Minedu,No,6
Notaria Roxana Reyes Tello,No,6
Open Comb System,No,6
Pcm - Proyecto Especial Bicentenario,No,6
Play Group,No,6
Pucp,No,6
Qraka Sac - Ibm Premier Business Partner,Si,6
Salesland,No,6
Sigcomt,Si,6
Stefanini,Si,6
Tsoft,Si,6
Accenture,Si,5
Acepta Peru,Si,5
Aurus Ti,Si,5
Bluesmile Tech (Asignado A Cliente Telefonica),Si,5
Camposol S.A.,No,5
Cencosud,No,5
Certus,No,5
Claro,No,5
Comsatel Peru S.A.C.,No,5
Consultance It,Si,5
Corporacion Fonafe - Enaco S.A.,No,5
Corporacion Sapia S.A.,No,5
Crosland Sac,No,5
Entel,No,5
Entelgy,Si,5
Eralma Constructora,No,5
Experis Proyecto Mitsui,No,5
Grupo Electrodata,Si,5
Grupo Rokys,No,5
Ibm - Csti,Si,5
Ideas Diferentes S.A.C.,,5
Ieduca,,5
Isa Rep (Red De Energia Del Peru),,5
Jurado Nacional De Elecciones,No,5
Lima Tecnologia,,5
Matices Tours Tarma,,5
Mdp Consulting Sac,Si,5
Ministerio De Economia Y Finanzas,No,5
Nexa Reosurces Peru,,5
Noticias Peru,,5
Peru Apps,Si,5
Raura,,5
Ripley,No,5
Sapia (Proyecto Clinica Ricardo Palma),,5
Sapimsa Peru S.A.C.,,5
Servicios Call Center Del Peru,,5
Ses,,5
Sgs,No,5
Suizalab,,5
Tecsup,No,5
Touch Peru,,5
Transportes Grau Otros,,5
Tsoft Peru,,5
Universidad Autonoma Del Peru,No,5
Aegis,No,4
Al Inversiones Palo Alto Ll,,4
Alternativa Tecnologica,,4
Autonomo,No,4
Avantica Technologies,,4
Banco Pichincha,No,4
Bbva,No,4
Bcp - Everis,,4
Bims Eirl,,4
Brightstar Logistica S.A.C.,,4
Caja Metropolitana De Lima,,4
Caja Sullana,,4
Carsa,,4
Centro Nacional De Servicios,,4
Cibertec,No,4
Clinica Internacional,,4
Consultoria,,4
Corpol Sa,,4
Corporacion Venezolana De Television,,4
Crossover,,4
Delosi,,4
Delta S.A.C.,,4
Dinet S.A.,,4
Direc Tv,,4
Dwconsulware,,4
Dynamicall,No,4
Enotria Sa,,4
Ericsson,,4
Everis Peru S.A.C,,4
Fashion Clas,,4
Financiera Oh,No,4
Gepae,No,4
Gestion Source - Farmacias Peruanas,,4
Gfi Peru,,4
Global Business Solutions,,4
Global Hitss Peru,,4
Grupo Aje,,4
Grupo Deltron,,4
Grupo Tawa,Si,4
Gtd,,4
Hipermercados Tottus,,4
Huawei Del Peru,,4
Hundred Sac,,4
Ibermatica,,4
Ids Consulting,,4
Iestp De Cabanillas,,4
Ims- Iqvia,,4
Ingram Micro S.A.C.,,4
Inside Regional Media,,4
Isil,No,4
Italtel,,4
Itel Servicios Integrales,,4
Itelcom Peru,,4
Kimsa Solutions Sac,,4
Konecta Peru,No,4
Kyndryl,Si,4
La Protectora,,4
Manpower Professional Services,,4
Manpower Professional Services S.A.,No,4
Mdp Consulting S.A.C.,,4
Michael Page,No,4
Ministerio De Educacion,,4
Netpartners Sac,,4
Nttdata,Si,4
Oficina Nacional De Procesos Electorales,,4
Ositran,,4
Pacifico Seguros,No,4
Practia,,4
Prima Afp,No,4
Pronabec,No,4
Seguros Mapfre,,4
Seminario Y Cia Sab,,4
Senati,,4
Servicio De Administracion Tributaria - Sat,,4
Sigcomt - Compartamos Financieras,,4
Superintendencia Nacional De Migraciones,No,4
Teamsoft,Si,4
Tecnologia Textil S.A.,,4
Telefonica Ingenieria De Seguridad - Tis,,4
Tivit - Synapsis Peru,,4
Unidad Ejecutora 005:Ventanilla Unica De Mincetur,,4
Universidad Peruana De Ciencias Aplicadas (Upc),,4
Unmsm,,4
Upn,,4
Utp,No,4
Zoluxiones Sac,,4
Accenture Peru,,3
Adecco Peru,,3
America Movil Peru Sac,,3
Ascensores Gsf S.A.C - Kone,,3
Asesores -E,,3
Asesores-E,,3
Aws Amazon Web Service Dealer Morris &Amp; Opazzo,,3
Azteca Comunicaciones Peru S.A.C,,3
Banco De Credito,,3
Banco De La Nacion,No,3
Banco Falabella Peru,,3
Banco Interbank,,3
Bcts Consulting,,3
Belcorp,,3
Bitel,,3
Blueit,,3
Board S.A.C,,3
Buro Principal Partners Sac,,3
Business Analytics,,3
Caja Cencosud Scotiabank,,3
Caja Municipal De Ahorro Y Credito De Ica,,3
Caja Prymera,,3
Canvia S.A.C.,,3
Capacitate365,,3
Cartones Del Pacifico,,3
Casa Andina,,3
Centria - Csc Grupo Breca,,3
Cibernos Peru Sac,,3
Cimacom,,3
Cineplanet,,3
Cinte-Ibm-Banco De Credito,,3
Clinica Ricardo Palma,,3
Clinica Stella Maris,,3
Colegio De Ingenieros - Cdll,,3
Colegio Peruano Norteamericano Abraham Lincoln,,3
Compania Minera Milpo Saa,,3
Consis International,,3
Consultor Independiente,0,3
Consultora Abogados Villanueva,,3
Cooperativa De Ah. Y Cred. 29 De Agosto De La Pnp,,3
Corporacion Jeruth,,3
Corporacion Meier,,3
Corporacion Usil,,3
Cosapi S.A,,3
Crac Raiz Saa,,3
Credinka,,3
Crosland,,3
Didi,,3
Direccion De Redes Integradas De Salud Lima Sur,,3
Direccion Regional De Educacion Lima Provincia,,3
Divemotor,,3
Domiruth Travel Service Sac,,3
Dxc Technology,,3
E2E Solutions,,3
Efitec,Si,3
Electro Tocache,,3
Enaco S.A. - Corporacion Fonafe,,3
Enotria Sac,,3
Experis - Manpowergroup,,3
Experis Manpower Group,,3
Experis -Manpower Group,,3
Expertia Travel,,3
Ey,,3
Ferreycorp S.A,,3
Ferreyros S.A.,No,3
Financiera Efectiva S.A.,,3
Freelancer,Si,3
G4S,,3
Global Tpa,,3
Grana Y Montero Petrolera,,3
Grupo Briser Peru,,3
Grupo Electrodata S.A.C.,,3
Grupo Palmas,,3
Grupo Salinas -,,3
Grupo San Pablo,,3
Gss,,3
Gym S.A. - Grupo Grana Y Montero,,3
Hellozum,,3
Hitss Peru,,3
Hundred - Gfi (Quimica Suiza),,3
Hundred (Belcorp),,3
"I.E. Ndeg 22449 ""Andres Avelino Caceres""",,3
Iberotex Sac Zara,,3
Idat,No,3
Indra Peru S.A.,,3
Industrias Alimentarias,,3
Inetum Peru,,3
Infinia Operador Logistico S.A. Hansa Aduanas S.A.,,3
Informatica Delta,,3
It Data,,3
It Data Consulting,,3
Italtel Peru,,3
Itera Process,,3
Jardines De La Paz,,3
Jlr Analytics Sac,,3
Konecta,Si,3
Levapan Del Peru Sac,,3
Lfs Corp,,3
Limatours,,3
Luz Del Sur,No,3
Manpower Peru,,3
Manpowergroup - Experis,,3
Mapfre,No,3
Mdp Consulting / Southern Cooper Peru - Proyecto,,3
Mexichem Peru,,3
Ministerio De Produccion - Programa Innovate Peru,,3
Ministerio Publico,,3
Ministry Of Foreign Trade And Tourism,,3
Modo Beta,,3
Ntt Data Peru S.A.C.,,3
Nttdata Peru,,3
Nuovo Profil,,3
Ofisis,Si,3
Open World Latino America,,3
Osinergmin,,3
Page Consulting,,3
Panacea,,3
Peru Hop,,3
Peruana De Moldeados S.A.,,3
Plus Servicios Comerciales Peru,,3
Poderosa,,3
Policia Nacional Del Peru Dirandro,,3
Prosegur,No,3
Provias,,3
Quanta Services Peru,,3
Quimica Suiza,,3
Ransa Comercial,,3
Realsystems,,3
Renova Sac,,3
Restaurante El Buen Gusto Del Jockey Club Del Peru,,3
Rivercon,,3
Salog,No,3
San Fernando,,3
San Miguel Industrias Pet Sa,,3
Seratic,,3
"Sigma (Braedt, Otto Kunz Y Segoviana)",,3
Silverwolf Servicios &Amp; Tecnologia S.A.,,3
Sistemas Analiticos,,3
Sport Bet Peru,,3
Sunarp,No,3
Supermercados Peruanos,No,3
Talma Servicios Aeroportuarios,,3
Tata Consulting Services,,3
Tech Mahindra,Si,3
Telefonica Del Peru S.A.A.,,3
Telefonica Del Peru Saa,,3
Telefonica Ingenieria De La Seguridad,,3
Teltonika,,3
Teresa Carreno,,3
Texcope S.A.C.,,3
Textil Del Valle Sa Bic,,3
Textiles Camones,,3
Tis Telefonica,,3
Tomocorp,,3
"Transportes Grau , Instituto Bartolome Herrera",,3
Unacem(Ex Cementos Lima),,3
Universidad Cesar Vallejo,,3
Universidad De Ciencias Aplicadas (Upc),,3
Universidad De Lima,,3
Universidad Del Pacifico,No,3
Visual Moon,,3
Vooxell,Si,3
Worki360,,3
Yape - Bcp,,3
!Oh My Kids!,,2
A Y G Chavin De Huantar,,2
Abril Grupo Inmobiliario,,2
Acomemo,,2
Adecco,No,2
Adexus Peru S.A.,,2
Agencia Digital Sinapsis,,2
Ai Inversiones Palo Santo,,2
Aje,,2
Alicorp S.A.,,2
Alicorp Saa,,2
Almacenes Santa Clara S.A.,,2
Altimea,Si,2
Amcor Rigid Packaging Del Peru S.A.,,2
America Brokers,,2
America Movil,,2
America Movil Peru (Claro Peru),,2
Americatel,No,2
Americatel Del Peru,,2
Andina De Radiodifusion Atv,,2
Annexbox,,2
Appsitec Sac,,2
Aqh Consulting,,2
Asociacion Civil Con Proposito - Mab,,2
Audire Inversiones Eirl - Interactivo,,2
Ausa,,2
Autoridad Para La Reconstruccion Con Cambios,,2
Aval,,2
Avance Legal S.A.C.,,2
Avances Tecnologicos,,2
Aya Edificaciones Sac,,2
Ayd Asociados,,2
Ayesa,,2
Ayesa S.A.C.,,2
Ayni Educativo,,2
Background It,,2
Baires Sac,,2
Banco Azteca,,2
Banco Azteca Del Peru S.A,,2
Banco Cencosud,,2
Banco Del Credito Del Peru,,2
Banco Interamericano De Finanzas,,2
Baufest (Transolution),,2
Bavaria Internacional,,2
Bbva Continental,,2
Bcd Travel,,2
Bdo Consulting,,2
Belcorp - Inetum,,2
Bertonati Technologies,,2
Bigmond Group,,2
Binsa Software Peru,,2
Bitel Peru,,2
Blessmed S.A.C. / Blessking Medilabs S.A.C,,2
Bluetab Solutions,,2
Bsg Institute,,2
Business Analytics Sac,,2
Business Insight Center,,2
Bwit Peru Sac,,2
C.E.G.N.E. San Luis,,2
Caesa Sac,,2
Caja Huancayo,,2
Calimod,,2
Camposol,,2
Canvia(Cliente Sunat),,2
Catalogo Jolie,,2
Celer,,2
Celer Sac,,2
Celer Tecnology,,2
Centro De Gestion Del Talento Humano,,2
Centro Nacional De Servicios - Cns,,2
Centrum Pucp,,2
Ceo Cep Peruano Chino Diez De Octubre,,2
Certificaciones Del Peru S.A.,,2
Cfin Transunion,,2
Chain Services Ti S.A.C - Csti,,2
Chain Services Ti S.A.C. - Csti,,2
Chio Lecca Fashion,,2
Cia De Seguridad Prosegur,,2
Cibertec Peru S.A.C,,2
Cignium Technology,,2
Cime Ingenieros Srl,,2
Cinte - Ibm - Banco De Credito,,2
Claro - Grupo America Movil,,2
Claro Movil,,2
Clean Energy Services Del Peru,,2
Clinica Internacional S.A,,2
Clinica San Borja - Sanna,,2
Clinica San Juan De Dios,,2
Club Alianza Lima,,2
Club De Regatas Lima,,2
Cluster And Business Solutions S.A.C.,,2
Codecon Ingenieria Y Construccion,,2
Cofopri,,2
"Colegio 7083 ""Manuel Gonzales Prada""",,2
Colegio Ingenieros Del Peru,,2
Comin Sac,,2
Comunicate Facil Sac,,2
Conida,,2
Constructora De Servicios Multiples Ecosem E.I.R.L,,2
Consultants In Business And Real Estate Peru S.A.,,2
Consultor,,2
Consultora Hitss Peru,,2
Consultora Independiente,,2
Consumo Y Recomiendo Sac,,2
Conxultiva Digital S.A.C,,2
Coop. Santo Cristo De Bagazan,,2
Cooperativa De Ahorro Y Credito 15 De Setiembre,,2
Cooperativa De Ahorro Y Credito De Los Trabajadores De Ipss,,2
Cooperativa De Ahorro Y Creditos San Miguel,,2
Coroimport,,2
Corpexpsac Soluciones,,2
Corporacion 1To1,,2
Corporacion Asura,,2
Corporacion Sehover S.A.C.,,2
Corporacion Tecnologica Capsule Sac,,2
Corporation Peter The Great,,2
Cosapi Data,,2
Cosapi S.A.,,2
Culqi,,2
Cyj Constructores,,2
Datacont,,2
Deister Software Peru,,2
Delaware,Si,2
Delcorp Holding,,2
Delogica,,2
Deltasac,,2
Dezo S.A.C,,2
Dimerc Peru S.A.C.,,2
Direccion General De Responsabilidad Social Unmsm,,2
Distribuidora Atencio S.A.C,,2
Diversas Empresas,,2
Droptek,,2
Drosfar,,2
Dukin Donuts,,2
Dyg Solutions,,2
Ebd Peru,,2
Edificaciones Inmobiliarias,,2
Eig System,,2
Enel Distribucion,,2
Entel Peru S.A.,,2
Enviroequip Sac,,2
Eontec,,2
Epartners Consultores Sac,,2
Epiroc,,2
Er Cloud 4U,,2
Ernst &Amp; Young,,2
Estilos,,2
Everis Bpo,,2
Everis Peru S.A.C.,,2
Everis S.A,,2
Everis Sac,,2
Exacto Peru,,2
Excelia Peru Sac,,2
Experian Peru,,2
Fabrica Nacional De Acumuladores Etna S.A.,,2
Fabrica Peruana Eternit S.A.,,2
Factor It,,2
Facturactiva Del Peru,,2
Falabella Corporativo,,2
Faride Algodon Del Peru Srl,,2
Farmacias Peruanas S.A.,,2
Fiberlux,,2
Fidersa,,2
Filtros Lys,,2
Financiera Confianza,,2
Financiera Crediscotia,,2
Financiera Tfc,,2
Financiera Tfc S.A,,2
Finvivir Peru,,2
Firstflag Strategic Solutions E.I.R.L,,2
Flex Trade Sac,,2
Fondo Mivivienda S.A.,,2
Formiik Peru S.A.C.,,2
Forsac Peru,,2
Fortel,,2
Fortel Customer Experience Bpo,,2
Fractalia S.A.C,,2
Framework Peru,,2
Frelance,,2
Fulltimeforce,,2
Fundacion Calma,No,2
Fundicion Callao,,2
Gdp,,2
Genesis International Advisors,,2
Gepae Peru,,2
Gestion De Servicios Compartidos,,2
Gewalt Peru Sac,,2
Gfi,,2
Gfi Peru Sac,,2
Gilat Networks Peru,,2
Glexco Sac,,2
Global Business Solution Sac,,2
Global Hitss (Cliente Claro),,2
Globant,Si,2
Glolbal Hitss,,2
Glovo App Peru,,2
Go Jom,,2
Golden Investment S.A,,2
Gpon Networks,,2
Grana Y Montero - Linea 1 Del Metro De Lima,,2
Green Electronics,,2
Grupo Ast,,2
Grupo Auna,,2
Grupo Chacarilla Sur,,2
Grupo Cobra Peru,,2
Grupo Electrodata -Compania Minera Miskymayo,,2
Grupo Euromotors,,2
Grupo Intercorp,,2
Grupo Jma,,2
Grupo Konecta,,2
Grupo La Republica,,2
Grupo Planeta S.A.,,2
Grupo Romero - Excellia,,2
Grupo Rpp,,2
Grupo Stefanini,,2
Grupo Tcontakto,,2
Grupo Vyv Bravo Sac,,2
Gss - Peru,,2
Gtd Peru,,2
H Y E Consultores,,2
H&Amp;E Consultores,,2
H.W. Kessel Sac,,2
Helpnet Peru,,2
Hermes Transportes Blindados,,2
Hias Peru,,2
High Service International,,2
High Service International Sac,,2
Hospital Nacional Sergio E. Bernales,,2
Hotel Pullman,,2
Hr Growth Human Resources,,2
Ibm - Bcp,,2
Ibm Del Peru,Si,2
Icpna,,2
Idiomas Catolica,,2
"Idom Consulting, Engineering, Architecture",,2
Importaciones Hiraoka S.A.C,,2
Inca Rail Sac,,2
Indiggo Publicidad,,2
Indigital Solutions Sac,,2
Indra Company (Indra Peru S.A.),,2
Industrias Dq,,2
Inelcom,,2
Inetum Sac,,2
Infhotel - Inforest - Infomatica,,2
Informatica Delta / Ripley S.A,,2
Informatica Delta Sac,,2
Innovapucp,,2
Innovatech Jc,,2
Inovati,,2
Inretail,,2
Institucion 0026 San Roque,,2
Instituto De Seguridad Minera - Isem,,2
Instituto Geofisico Del Peru,,2
Instituto Nacional De Calidad,,2
Instituto Nacional De Estadistica E Informatica,No,2
Instituto Peruano Norteamericano,,2
Instituto Superior Cimas,,2
Instituto Superior Sise,,2
Interamsa (Inversiones Interamericanas),,2
Intercorpretail,,2
Interseguro,No,2
Inventory Group Sac,,2
Inversiones Ascencion De Cachuy S.A.C.,,2
Inversiones Kayser S.A.C,,2
Inversiones Pool,,2
Ipae,,2
Iquasar Tech,,2
Irtp,,2
It Consulting Corporation Sac,,2
It Era Peru Sac,,2
It Storage Eirl,,2
It Team,,2
Italmecan Sac,,2
Ittsabus,,2
Jockey Salud,,2
Jorge Alayo - Productor Musical &Amp; Mixer,,2
Juegos De Video Latinoamerica Peru S.A.C.,,2
Juegos Panamericanos Lima 2019,,2
Juegos Panamericanos Y Parapanamericanos Lima 2019,,2
Katal,,2
Kazuki Consultoria Y Construccion,,2
Komatsu - Mitsui,,2
Komatsu Mitsui,,2
Kpmg,,2
Kruger Corporation,,2
L.O. Electronics,,2
La Calera,,2
La Positiva Seguros Y Reaseguros,,2
Laboratorios Auna,,2
Laboratorios Biomont,,2
Laboratorios Qualab,,2
Laureate - Peru,,2
Lima Innovation Lab,,2
Lindcorp,No,2
Lph Store,,2
Luz Del Sur S.A.A.,,2
Majorel,No,2
Manpower Para El Grupo Ferreyros (Forbis),,2
Mapfre Peru,,2
Marina De Guerra Del Peru,,2
Materia Gris,,2
Maxima Internacional,,2
Mdp Consulting - Cliente: Claro,,2
Mdy Contact Center,,2
Mediabyte,,2
Mediterranea De Catering Slu Sucursal Peru,,2
Menorca Inversiones,,2
Merck Group S.A.,,2
Merck Sharp &Amp; Dohme,,2
Metales Ingenieria Y Construccion Sac.,,2
Metrica Andina Sac(Proyecto Bcp),,2
Metso Outotec,,2
Mibanco - Tata Consultancy,,2
Migiva S.A.C.,,2
Migiva Sac,,2
Minera Barrick,,2
Ministerio De Transporte Y Comunicaciones,,2
Ministerio De Transporte Y Telecomunicaciones,,2
Mision Tecnologica Canal Hp,,2
Mitsui,,2
Mlv Contadores Sac,,2
Mm Alisam,,2
Mobiik,,2
Monomedia,,2
Montana S.A,,2
Motored,,2
Movilbus Sac,,2
Movilnet,,2
Ms4M,,2
Municipalidad De Punta Hermosa,,2
Municipalidad De San Sebastian,,2
Municipalidad Distrital De Huanchaco,,2
Municipalidad Metropolitana De Lima,,2
Nanotech Solutions,,2
Negocio Propio,,2
Neoris,Si,2
Niisa Corp. S.A.,,2
Nueva Moda Textil Sac,,2
Oficina De Normalizacion Previsional,,2
Onpe - Oficina Nacional De Procesos Electorales,,2
Ops Tecnologia Y Comunicaciones S.A.C.,,2
Orden Hospitalaria De San Juan De Dios,,2
Osce,,2
Overall Strategy,,2
Pandero,,2
Papelera Nacional,,2
Paradigma Sac.,,2
Peru Offset Digital,,2
Peruvian Net,,2
Petramas Sac,,2
Poder Judicial,No,2
Poder Judicial Del Peru,,2
Practia Consulting S.A.C,,2
Practia Global,,2
Prayaga,,2
Precor S.A.,,2
Premium Cultural Institute,,2
Prestaclub,,2
Primus Capital Peru Sac,,2
Procampo S.A,,2
Procesos De Medios De Pago S.A. - Izipay,,2
Procesos Medios De Pagos(Mastercard),,2
Productos Avon,,2
Productos Paraiso Del Peru,,2
Promotora Los Olivos,,2
Promotora Opcion Safc,,2
Propia,,2
Protecta Security,,2
Prozess Group,,2
Pss S.A.C.,,2
Qroma,,2
Qualys Sac.,,2
Quimicos Goicochea S.A.C.,,2
Quisytech,,2
R2 Sac,,2
Reckitt Benckiser(Mead Johnson),,2
Red De Clinicas San Pablo,,2
Redes,,2
Reingenia,,2
Replica Brindando Soluciones,,2
Representaciones Servito Sac,,2
Repsol,,2
Ricoh,,2
Ripley S.A,,2
Roditex S.A.C.,,2
Rpa Latam,,2
Rutta Sac,,2
Safetypay,,2
Saga Falabella,,2
Saint Gobain,,2
San Jose Rent A Car,,2
Santander Consumer,,2
Sapia Sa,,2
Satelital Telecomunicaciones Sac,,2
Scotiabank Peru,,2
Seek,,2
Sencico,,2
Seratic Sac - Partner Telefonica,,2
Serpost,,2
Servicio Nacional De Sanidad Agraria,,2
Servicios Informaticos Falabella S.A,,2
Ses Software Enterprise Services,,2
Setours S.A,,2
Sgs Del Peru,,2
Siderperu,,2
Sistema De Administracion Tributaria-Tarapoto,,2
Sistematico,,2
Sk Shared Services,,2
Smart Meals (R),,2
Smartfit Peru,,2
Sodexo,,2
Sodimac,No,2
Sonda Del Peru,,2
Sonepar Peru Sa,,2
Souther Textile Network,,2
Southern Peru,,2
Southern Peru Copper Corporation,,2
Stefanini Peru,Si,2
Sum Vehiculos S.A,,2
Sumweb Solutions S.A.C,,2
"Superintendencia De Banca, Seguros Y Afp",,2
Symmetry Corporation Sac,,2
Systems Support &Amp; Services S.A,,2
Talent Y Soft,,2
Taller De Confecciones San Luis,,2
Talma Servicios Aeroportuarios S.A,,2
Tasa,,2
Tawa,,2
Tawa Consulting,,2
Tec4Biz,,2
Tecnocom,,2
Tecnologica De Alimentos S.A.,,2
Tecsur S.A,,2
Teleperformance,Si,2
Telsen Ingenieros Srl,,2
Termodinamica S.A,,2
Textiles Camones S.A.,,2
The Factory Hka Peru,,2
The Vanguard International Group,,2
T-Id Solutions,,2
Toulouse Lautrec,,2
Trabajos Particulares Proyectos,,2
Transcorp Industrial Sac,,2
Ts Net,,2
Tsc,,2
Uap,,2
Ugel 08 Canete,,2
Unibell Sac,,2
Unidad De Gestion Educativa Local Talara,,2
Unimar Sa,,2
Unisys Del Peru,,2
Universidad Alas Peruanas Sa,,2
Universidad Catolica Santo Toribio De Mogrovejo,,2
Universidad Cayetano Heredia,,2
Universidad De Ciencias Y Humanidades,,2
Universidad De Ingenieria Y Tecnologia,,2
Universidad De Piura,No,2
Universidad De San Martin De Porres,,2
Universidad Nacional Autonoma De Chota,,2
Universidad Nacional De Ingenieria,,2
Universidad Nacional Mayor De San Marcos,,2
Universidad Peruana De Ciencias Aplicadas - Upc,,2
Universidad Privada San Juan Bautista,,2
Universidad Ricardo Palma,,2
Universidad San Martin De Porres - Uva,,2
University Of Oulu,,2
V&Amp;J Import,,2
Valtx,,2
Valtx / Tgestiona,,2
Vass Consultoria De Sistemas De L Peru,,2
Verander,,2
Viettel Peru Sac - Bitel,,2
Von Alem S.A.C.,,2
Vsi Industrial,,2
Waba Corporation Eirl,,2
Wacaymar,,2
Webhelp,,2
Western Union,,2
Wilcom Peru Sociedad Anonima Cerrada,,2
Wim Peru,,2
World Textile Sourcing,,2
World Vision Peru,,2
Xviii Juegos Panamericanos,,2
Yanbal International,,2
Yarnold Consultores Legales,,2
Yasmin Products,,2
Zat,,2
(Huawei),,1
* Grupo Onda Digital S.A.C,,1
1. Crac Raiz S.A.A.,,1
1. Panacea Consultores S.A.,,1
10103462946,,1
10X Ventures,,1
14 Grados Sur,,1
2.1. Ministerio Del Trabajo,,1
386 Systems / Hp Financial Services Peru,,1
4.0 Tecnologia En Innovacion,,1
4Bitech,,1
4X Coffee Sac,,1
A &Amp; T Pumps Technology Peru S.A.C,,1
A Bite Of Cusco,,1
Ab Technology Sac,,1
Abbot Laboratorios S.A.,,1
Abc Consultores,,1
Abc Movil Peru,,1
Abexacloud,,1
Abscisa Analytics,,1
Ac Proyetos,,1
Accede Justicia,,1
Acces Chic,,1
Acceso Crediticio S.A,,1
Acceso Crediticio Sa,,1
Accuaproduct Sac,,1
Aceros Faem &Amp; Ingenieros Sac,,1
Acis Process,,1
Activiza,,1
Activos Mineros,,1
Acurio Restaurantes,,1
Ad Y L Consuling,,1
Adaia Corporation Sac,,1
Adecco Consulting,,1
Adecco Consulting S.A.,,1
Adecco Peru Sac-Proyecto Metro 2 Lima,,1
Adesy.Net,,1
Adexus,,1
Adexus Peru Sa,,1
Adhoc Digital,,1
Admivent Assist Peru,,1
"Admosfera, Agencia De Marketing Sensorial S.A.C",,1
Adn Telecom Sac,,1
Adobe Stock,,1
Aenor,,1
Aero Transporte S.A.,,1
Aerolineas Star Peru,,1
Aeropuertos Del Peru S.A,,1
Afe Service Sac,,1
Ag. Construccion E Ingenierias,,1
Agencia Lima Digital,,1
Agia Tech,,1
Agm Ingenieros S.R.L.,,1
Agn Ingenieros,,1
Agp Group,,1
Agricola Las Llamozas Grupo Fe,,1
Agro Ism Sac (Grupo Ananos),,1
Agroindustrial Paramonga S.A.A.,,1
Agroindutrias Aib,,1
Agronegocios Arq,,1
Agrovet Market,,1
Agrovision,,1
Agua Niagara,,1
Ai Generation Xu,,1
Ai Inversiones Palo Alto Ii S.A.C.,,1
Ai Inversiones Palo Alto Ii S.A.C. (Canvia),,1
Ai Inversiones Palo Alto Ii Sac (Canvia),,1
Aiesec,,1
Aiesec Peru,,1
Aimtalent,,1
Airongroup S.A.C (Telefonica Del Peru),,1
Ajemaya Sa - Ajegroup,,1
Ajeper,,1
Ajeper S.A,,1
Ak Drilling International S.A,,1
Albatross,,1
Alestec,,1
Alfatec,,1
Alfin Banco,,1
Alicorp S.A,,1
Alicorp S.A.A,,1
Alicorp S.A.A.,,1
Alignet,,1
Alimencorp Sac,,1
Alimentos Los Panas S.A.C,,1
Alinhtech,,1
Alkofarma,,1
Alliance Abroad Group - Kalahari Resorts,,1
Allinbus,,1
Alltelecom,,1
Almara Gelato Art,,1
Alteliza,,1
Alteliza Home,,1
Altimea Communication,,1
Altreda,,1
Alvida S.A,,1
Alwa Ingenieria Sostenible,,1
Amas Digital,,1
Amauta Impresiones Comerciales,,1
Amauta Impresiones S.A.C,,1
Amcor Peru,,1
America Movil Peru,,1
America Movil Peru S.A.C.,,1
America Movil Peru S.A.C. - Claro,,1
America Television,,1
Americatel Peru S.A.,,1
Analista,,1
Analitica Visual Consulting,,1
Anawa Travel Sac,,1
Anc Logistica Integral,,1
Andimetal S.A.C,,1
A-Nexo Contact Center S.A.C,,1
Anglo American,,1
Anixter Jorvex S.A.C.,,1
Anka Networks,,1
Anovo Peru S.A.C,,1
Anovo Peru Sac.,,1
Antonella Pizzas Y Pastas,,1
Apeseg,,1
Aplex Corp Sac,,1
Apolomultimedia S.A.C,,1
Applehouse,,1
Applus Norcontrol Peru Sac,,1
Apuesta Total,,1
Apukay,,1
Apumayo Sac,,1
Aqualandia Peru,,1
Aquamed,,1
Aquarius Consulting Sac,,1
Aramburu Matriz S.A.C.,,1
Arca Continental Lindley,,1
Arcadis Peru,,1
Arcos Dorados S.A.,,1
Arcotek,,1
Ardiles Import,,1
Arellano,,1
Aresm2M,,1
Argops Consulting Sac,,1
Ariadna,,1
Ariana Operaciones Mineras Sac,,1
Arqsoft Consultores,,1
Arqsoft Consultores Sac,,1
Arqsoft Sac,,1
Artanis,,1
Artek Proyectos,,1
Artesco S.A / Staedtler,,1
Artesco S.A.,,1
Articulos Deportivos Jesus Rechi Sac,,1
Ascensores Gsf,,1
Ascensores Schindler Del Peru S.A.,,1
Asesor Inmobiliario Independiente,,1
Asesoresb24,,1
Asociacion De Empleados Del Bcp,,1
Asociacion De Oficiales Pip,,1
Asociacion Por Los Derechos Del Nino Con Cancer,,1
Asociacion Saco Oliveros,,1
Asosiacion Peruana De Empresas De Seguros,,1
Asper Coating Del Peru S.A.C.,,1
Assist Card Peru,,1
Assistcard Peru,,1
Assurant,,1
Astara Peru,,1
Asvnets,,1
Atento Peru,,1
Atento Peru - Callcenter De La Clinica Delgado,,1
Ativa,,1
Atlantic City,,1
Atos Peru,,1
Atria Energia,,1
Atttach Media,,1
Auna - Grupo Salud Del Peru,,1
Auna ( Gsp Servicios Generales Sac ),,1
Ausa Soluciones Logisticas,,1
Ausenco,,1
Autofacil Spa S.A.C,,1
Automotores Gildemeister Del Peru,,1
Automotriz Andina S.A.,,1
Automotriz San Blas S.A,,1
Autoridad De Transporte Urbano Para Lima Y Callao,,1
Autrisa-Incamotors-Novaautos,,1
Avalon Soluciones,,1
Avalora America S.A.C,,1
Avance Legal,,1
Avantica,,1
Avatar Global,,1
Avatar Sac,,1
Avla S.A.,,1
Avss Flight Center,,1
Axis Gl,,1
Axon Group Ltda Sucursal Peru,,1
Aynitech,,1
Aynitech S.A.,,1
Ayor S.A.C - Proyecto Um El Brocal - Buenaventura,,1
Ayuda En Accion,,1
Azteca Comunicaciones Peru,,1
B Y V Iesemin Sac,,1
B&Amp;B Ingenieria Y Proyectos Sac,,1
B. Braun Medical Peru S.A.,,1
Bac Credomatic,,1
Background Consultores,,1
Background Consultores S.A.C,,1
Background Sac (Cliente Bcp),,1
Backus,,1
Bafing,,1
Bafing Sac,,1
Bags Store Sac,,1
Bairesa Sac,,1
Bakar Peru S.A.C,,1
Bakels Peru,,1
Banco Bbva Peru,,1
Banco Central De Peru - Bcp,,1
Banco Central De Reserva,,1
Banco Comercia,,1
Banco Credito Del Peru,,1
Banco De Comercio,,1
Banco De Credito Del Peru - Bcp,,1
Banco Falabella Peru S.A.,,1
Banco Ficohsa,,1
Banco Gnb,,1
Banco Interamericano De Desarrollo (Bid) - Sunat,,1
Banco Interamericano De Finanza Banbif,,1
Banco Interamericano De Finanzas (Banbif),,1
Banco Internacional Del Peru,,1
Banco Pichincha - Ecuador,,1
Banco Pichincha (Via Evol),,1
Banco Pichincha Del Peru,,1
Banco Ripley Del Peru,,1
Banco Ripley Mdp,,1
Banco Ripley S.A,,1
Banco Ripley Sac,,1
Banco Santander Peru,,1
Bandtel Internacional,,1
Bank Of China,,1
Barbacci,,1
Barca Academy Peru,,1
Barqueros Inmobiliaria,,1
Barrio Seguro,,1
Base4,,1
Bata Peru,,1
Baufest,Si,1
Bautich Servicios Generales Sac.,,1
Bayental,,1
Bbva - Continental,,1
Bbva Banco Continental,,1
Bbva Consumer _ Certicom,,1
Bcp - Banco De Credito Del Peru,,1
Bcp Banco De Credito Del Peru,,1
Bdo Peru S.A.C,,1
Bederr,,1
Belcorp - Hundred,,1
Belgravia,,1
Bermer Internacional S.A.C.,,1
Bertoni,,1
Bevcos Contac Center,,1
Bindiy Sac,,1
Binsa,,1
Bio Sac,,1
Bionet S.A.,,1
Bi-Peru,,1
Birmingham City Council,,1
Bisa Ingenieria De Proyectos,,1
Bisa Ingenieria Y Proyectos,,1
Bit Perfect Solutions Sac,,1
Bit2Bit Americas,,1
Bitacore S.A.C,,1
Bits &Amp; Systems Solutions,,1
Bizflow,,1
Blacksmith Research,,1
Blend S.A.,,1
Blinsegur,,1
Blue Tab S.A.C.,,1
Bluebox Upholstery Supply E.I.R.L.,,1
Bluefokus,,1
Bluetab,,1
Bluetab Ibm Company,,1
Bluetab Peru,,1
Bluetab Solutions Peru,,1
"Bluetab, An Ibm Company",Si,1
Blum Saf,,1
Bmp Consulting Sac,,1
Bnp Paribas Cardif Peru,,1
Bocatta,,1
Bodega Belizario,,1
Bolsa De Valores De Lima S.A.A.,,1
Bomi Group Peru,,1
Boost2R,,1
Bowe Consulting Business Eirl,,1
Bpo Peru S.A.C,,1
Bps Consultores,,1
Bpz Exploracion Y Produccion,,1
Brammertz Ingenieros,,1
Bransa Eirl,,1
Brezal,,1
Britanico - Asociacion Cultural Peruano Britanica,,1
British American Tobacco Del Peru Sac,,1
Brtish American Tobacco,,1
Bsh Electrodomesticos S.A.C,,1
Bullmining Peru,,1
Bungalows Mancora,,1
Burger King,,1
Busa Vehiculos Especiales Sac,,1
Business Easy Fast Eirl,,1
Business Technology Group,,1
By Canas Verdes,,1
Bybcom S.A.C.,,1
C&Amp;C Proenerg,,1
C&Amp;J Constructores,,1
C&Amp;R Grupo Inmobiliario,,1
C2 Mining,,1
C2 Mining Solutions S.A.C.,,1
Ca Sistemas,,1
Ca Sistemas Empresariales,,1
Cabify,,1
Cabify Peru,,1
Cad Solutions S.A,,1
Caja Arequipa,,1
Caja Cencosud Del Grupo Scotibank,,1
Caja Los Andes,,1
Caja Metropolitana,,1
Caja Municipal De Ahorro Y Credito De Tacna,,1
Caja Municipal De Ahorro Y Credito De Tacna S.A.,,1
Caja Municipal De Creditos Y Ahorros De Maynas,,1
Caja Trujillo,,1
Calderos Piedra,,1
Callymakis Restobar,,1
Calypso Agencia,,1
Calzados Azaleia Peru S.A.,,1
Camara De Comercio De Lima,,1
Camara Minera Del Peru,,1
Cambiando Vidas Peru,,1
Cambista Online Sac,,1
Camino Real Mortgage Bankers,,1
Campo Fe S.A.C,,1
Cantec Sac,,1
Canvia (Ex Gmd S.A),,1
Canvia (Proyecto Unique),,1
Canvia S.A.C - Afiliada A Advent International,,1
Canvia Sa,,1
Card - Center For Applied Research And Development,,1
Cardinal Health,,1
Carfip,,1
Cargo Logistics Service,,1
Cargo World Sac,,1
Caritas Chosica,,1
Carolina,,1
Cartocor De Peru S.A,,1
Cartones Del Pacifico S.A.C.,,1
Carvajal S.A.,,1
Casa Andina Hoteles,,1
Casaideas,,1
Casas Consulting Group Sac,,1
Casuarinas International College,,1
Cataliz Talent Lab,,1
Cayman S.A.C,,1
Cbre Servicies - Mondelez,,1
Ccti Ceneam,,1
Cdrav,,1
Ceba Sofia,,1
"Cebe ""San Martin De Porres""",,1
Cedice Peru,,1
Ceelimp Group Sac,,1
Cefin Academy,,1
Celeritech,,1
Celerity Sociedad Anonima Cerrada,,1
Celid,,1
Celima S.A.,,1
Celsa S.A,,1
Celsat Peru,,1
Celucorp,,1
Cementos Pacasmayo,,1
Cencosud Retail Peru,,1
Cencosud Retail Peru S.A. Tiendas Paris,,1
Cencosud Retail S.A.,,1
Cens,,1
Centria,,1
Centro Comunitario - Manchay,,1
Centro Cultural Musa,,1
Centro De Altos Estudios De Negocios Y Economia,,1
Centro De Altos Estudios Nacionales,,1
Centro De Innovacion Y Desarrollo Emprendedor Pucp,,1
Centro De Negocios Ryg,,1
Centro De Salud Mental Comunitario Veintiseis De Octubre,,1
Centro De Salud Mirones,,1
Centro De Salud Pueblo Nuevo,,1
Centro De Sistemas Y Negocios S.A. - Grupo Gloria,,1
Centro De Sistemas Y Negocios S.A. (Grupo Gloria),,1
Centro De Sistemas Y Negocios Sa,,1
Centro Especializado De Formacion E-Learning,,1
Centro Psicoterapeutico De Relaciones Familiares - Redes,,1
Centro Tecnologico Minero,,1
Centrum Pupc,,1
Century 21,,1
Century21,,1
Ceol Technology Sac,,1
Cep Pedro Ruiz Gallo,,1
Cepesju,,1
Cepheid S.A.C,,1
Cer / Grupo Gea,,1
Ceragon Networks,,1
Ceramica Lima Sa,,1
Ceramicas San Lorenzo,,1
Cerper Sa,,1
Certero S.A.C.,,1
Certicom,,1
Certicom Lima,,1
Certicom Sac,,1
Cesar Vallejo Sac,,1
Cesca,,1
Cesel Ingenieros S.A.,,1
Cesti Sa,,1
Ceti,,1
Ceyca Servicios Generales Y Construccion Sac,,1
Cfg-Copeinca,,1
Cfg-Copeinca S.A.C,,1
Chasqui Ii,,1
China Internacional Water And Electric Corp Peru,,1
China Railway International Group,,1
China Yang Zu,,1
Chocavento Sa,,1
Choucair Testing,,1
Chubb Peru S.A.,,1
Chubb Seguros Peru S.A.,,1
Ci&Amp;Ts,,1
Cia Minas Buenaventura,,1
Cia Minera Antamina S.A.,,1
Cia Minera Kolpa S. A.,,1
Cia Minera Plata Dorada S.A.,,1
Cia Minera Raura,,1
Cia. Importadora Derteano &Amp; Stucker S.A.C,,1
Ciber Servicios Informaticos,,1
Ciberseguridad Sac,,1
Cibertec Peru Sac,,1
Ciberyolanda,,1
Cicsa Peru Sac,,1
Cicsa Peru Sac.,,1
Cima Software,,1
Cimacom Data,,1
Cimacom Tecnology (Mapfre Seguros),,1
Cimacom Voice S.A.C.,,1
Cinte - Cliente Ibm - Claro,,1
Cioff Juvenil Peru,,1
Cipsa,,1
Circuit Media Group,,1
Citibank,,1
Citric Studio,,1
Civitano Sac,,1
Clai Payments,,1
Claro - America Movil,,1
Clases Particular,,1
Clbs,,1
Clbs S.A.C.,,1
Cleaning Clan,,1
Cli Gestiones Aduaneras,,1
Clickdelivery.Com,,1
Clinica De La Belleza,,1
Clinica Dental Santiago Apostol,,1
Clinica Good Hope,,1
Clinica Jesus Del Norte,,1
Clinica Montefiori,,1
Clinica Ocupacional Work &Amp; Health,,1
Clinica Padre Luis Tezza,,1
Clinica San Felipe,,1
Clinica San Gabriel,,1
Clinica San Juan Bautista,,1
Clinica San Pablo - Surco,,1
Clinicas Limatambo,,1
Clinicas Maison De Sante,,1
Clininica Internacional S.A.,,1
Close2U,,1
Cloud Business Services Sac,,1
Cloud Corp Sac,,1
Cloud Creations Inc.,,1
"Cloud Security Alliance, Peru Chapter",,1
"Cloudsoc, Empresa Colaboradora De Claro",,1
Club Tenis Las Terrazas Miraflores,,1
Club Tennis Las Terrazas Miraflores,,1
Cluster And Business Solutions,,1
Cmac Paita S.A.,,1
Cmacica,,1
Cmbrando Juntos,,1
Cmc Latin Sac,,1
Cmi Consulting Group S.A.C.,,1
"Cmpc Packaging,",,1
Cns,,1
Cobra Peru,,1
Cobra Peru Sa,,1
Cobra Peru Sac,,1
Cobraperu,,1
Codelpa,,1
Codificacion Logica,,1
Coes Sinac,,1
Coface,,1
Cognidata Sac,,1
Coinrefri Srl,,1
Colecta Sac,,1
Colegio De Ingenieros Del Peru,,1
Colegio Educandas Cusco,,1
Colegio La Divina Misericordia,,1
Colegio Norteamericano Abraham Lincoln,,1
Colegio Privado Heroes Del Cenepa,,1
Colegio Saco Oliveros,,1
Colegio Virgen Inmaculada De Monterrico,,1
Colegios Peruanos S.A.,,1
Colegios Trilce,,1
Colliers Rems Peru,,1
Colmena Digital,,1
Coltur - Coltur Peruana De Turismo S.A.C.,,1
Coltur Peruana De Turismo Sa,,1
Com Alt De Prod No Trad Y Des En Lat Ame,,1
Comacsa,,1
Comarch,,1
Comarch Peru,,1
Comcorp,,1
Comdata Solutions S.A.C,,1
Comercial Andina Industrial,,1
Comercial Denia S.A,,1
Comercial Denia S.A.C,,1
Comercial Industrial Delta,,1
Comercio Independiente,,1
Communications And Systems Development S.A.C.,,1
Compania De Minas Buenaventura,,1
Compania De Seguridad Prosegur S.A.,,1
Compania Food Retail S.A.C.,,1
Compania Food Retail Sac,,1
Compania Incubadora De Soluciones Moviles Sac - Culqi,,1
Compania Minera Miskimayo,,1
Compania Minera Raura,,1
"Compania Peruana De Petroleo, Gas Y Gasolina",,1
Compipro,,1
Complex Less,,1
Compudiskett S.R.L.,,1
Compunet Peru S.A.C,,1
Computer Science Vj - Ruc 10451083851,,1
Comsatel Peru Sac,,1
Comsatel Sac,,1
Comuna 24,,1
Conalvias Construcciones,,1
Conastec,,1
Concepto Belleza S.A.C.,,1
Conexion Ts,,1
Coney Park,,1
Confecciones Gerard Srl,,1
Confecciones Jm,,1
Confecciones Textimax,,1
Connectify Peru,,1
Connecttix,,1
Consigueventas,,1
Consolucion Sac,,1
Consorcio Geohidraulica,,1
Consorcio Hbo Sac,,1
Consorcio Invent Sac,,1
Consorcio Lac,,1
Consorcio Mantenimiento De Gasoductos Del Peru,,1
Consorcio Minero Horizonte,,1
Consorcio Minero Horizonte .S.A,,1
Consorcio San Miguel,,1
Consorcio Saneamiento Huarmey S.A.,,1
Consorcio Tecnove Onp,,1
Conssap,,1
Construction Evolution Sac,,1
Constructor S.A.C.,,1
Constructora E Inmobiliaria Joshua,,1
Constructora E Inmobiliaria Marcan,,1
Constructora Inmobiliaria Wacaymar,,1
Constructora Malaga Hnos S.A,,1
Constructora Mausaa S.A.,,1
Constructora Meneses,,1
Constructora Montefrio Sac,,1
Constructora P Y F Sac,,1
Constructora Pawer Sac,,1
Constructores Metal Mecanicos Cooptimet Srl,,1
Constru-Express Peru,,1
Consuempresa,,1
Consulting &Amp; Management Sac,,1
Consulting Advisers,,1
Consultor De Proyectos E Ingenieria,,1
Consultor Estrategico,,1
Consultor Externo - Banco Cencosud,,1
Consultor Freelance -Independiente,,1
Consultora C&Amp;L,,1
Consultora Csc,,1
Consultora Materia Gris,,1
Consultora Nuovo Profil,,1
Consultora Y Equipadora Medica,,1
Consultores En Tecnologia De Informacion Y Comunicaciones S.A.C,,1
Consultoria A Empresas,,1
Consultoria Data,,1
Consultoria General,,1
Consultoria Independiente,,1
Consultoria Mineria Y Comercio Sac,,1
Consultoria Privada,,1
Consultoria Ti,,1
Consultoria Y Tecnologia Sac,,1
Consultorio Dental Novadent,,1
Consultorio Psicologico De La Unmsm,,1
Consultorio Psicologico Libera Y Sana,,1
Consultorio Universitario,,1
Consutic,,1
Conta Peru Servicios Empresariales S.A.C.,,1
Contabilidad Facil Peru,,1
Contacto Bpo,,1
Contasiscorp Sac,,1
Continental - Cuadernos Standford,,1
Continental S.A.C,,1
Continental Sac - Standford,,1
Contraloria General De La Republica,,1
Contratistas Generales En Mineria Jh Sac,,1
Convexus Comunicaciones Redes Y Sistemas,,1
Coolors,,1
Coopac Kori,,1
Cooperativa Abraham Lincoln,,1
Cooperativa De Ahorro Y Credito Interfinco,,1
Cooperativa De Ahorro Y Credito Leon Xiii,,1
Cooperativa De Ahorro Y Creditos,,1
Cooperativa De Servicios Educacionales La Union,,1
Cooperativa Pacifico,,1
Coorporacion Daxi Ayacucho,,1
Coorporacion Sapia,,1
Coorporacion Sapia (Cosapi Data),,1
Copeinca,,1
Copemi S.A.C Cosntructores,,1
Copezami Services,,1
Corez Peru,,1
Cork Peru Sa,,1
Corpol,,1
Corporacion Ambiental Alanco Peru Sac,,1
Corporacion Brec Sac (Ser Pro) Escuela Juridica,,1
Corporacion Corrales,,1
Corporacion Dctech,,1
Corporacion Educativa Pamer,,1
Corporacion Ew,,1
Corporacion Fonafe,,1
Corporacion Grafica Universal S.A.C,,1
Corporacion Hotelera Piura S.A.C,,1
Corporacion Ibgroup,,1
Corporacion Loayza Sac,,1
Corporacion New Life S&Amp;L,,1
Corporacion Olivares,,1
Corporacion Panaservice,,1
Corporacion Panaservice S.A.C,,1
Corporacion Rd Srl,,1
Corporacion Roots,,1
Corporacion Roots S.A.,,1
Corporacion Sealers,,1
Corporacion Solivan,,1
Corporacion Telecom Byte,,1
Corporacion Turistica Peruana Sac,,1
Corporation Tekny Ran,,1
Corporation Withmory,,1
Corporativo Fabstestex Peru,,1
Corredores De Seguro Falabella,,1
Corte Superior De Justicia De Lima,,1
Cosapi Sa,,1
Cosapisoft,,1
Cosmo Industrial Eirl,,1
Cosmos Agencia Maritima,,1
Costa Del Sol,,1
Coursera | Goole,,1
Cp Group S.A.C.,,1
Crati Consulting Para Banco Falabella,,1
Crazy Studio,,1
Creaciones Ainbo S.A.C.,,1
Creamas,,1
Creando Danzando Ando,,1
Creavity Sac,,1
Crediplaza S.A.C.,,1
Criteria It,,1
Crossnet Sac,,1
Crovisa Sac,,1
Cs Jose Carlos Mariategui,,1
Csi Data Working,,1
Csi Renting Peru S.A.C,,1
Csti Corp - Arca Continental Lindley,,1
Csti Corp.,,1
Csti Group,,1
Csticorp,,1
Csti-Minera Ares,,1
Cusa Sac,,1
Cya Consulting,,1
Cyberline S.R.L.,,1
Dai Global Llc,,1
Daily Technology,,1
Dakota Soluciones,,1
Danper,,1
Darventas,,1
Dat Company E.I.R.L.,,1
Data Consulting,,1
Data Science Research Peru,,1
Data4Management,,1
Datacont S.A,,1
Dataimagenes S.A.C.,,1
Datatrust,,1
Datroni Sac,,1
Dayr Inversiones Multiples S.A.C.,,1
Dca Publicidad,,1
Dd Logistic Eirl,,1
Dealerbuilt,,1
Decameron,,1
Decision Consultores,,1
Decor Center,,1
Decorlux Sac,,1
Deepdev,,1
"Del Sector Retail, Perteneciente Al Grupo Interbank.",,1
Delfosti,,1
Delibocaditos,,1
Delipet,,1
Delnac Sac,,1
Deloitte &Amp; Touche,,1
Deloitte &Amp; Touche S.R.L,,1
Deloitte Peru,,1
Demuna Itinerante-Municipalidad San Miguel,,1
Depconstruccion,,1
Deprove Global Sac,,1
Depsa - Ransa,,1
Derrama Magisterial,,1
Desarrolladora Del Pacifico S.A.C,,1
Designic,,1
Desipsa,,1
Detroit Power System,,1
Devdatep,,1
Developers Team,,1
Devlops,,1
Dewatering Solutions Peru S.A.C,,1
Diacsa,,1
Diagnodent,,1
Digitex,,1
Dijisa,,1
Dimerc Peru Sac,,1
Dimexa S.A.,,1
Din Automatizacion,,1
Diners Club Peru,,1
Dinet,,1
"Direccion Ejecutiva De Medicamentos, Insumos Y Drogas - Direccion De",,1
Direccion General De Capitanias Y Guardacostas,,1
Direccion Regional De Educacion Cajamarca,,1
Directv Peru Srl,,1
Diris Lima Norte,,1
Disbofar Del Peru E.I.R.L.,,1
Distribuciones Quinto E.I.R.L.,,1
Distribuidora Coquito,,1
Distribuidora Europea De Repuestos S.A.C,,1
Dk &Amp; Gn Motors Sac,,1
Dms Peru Sac,,1
Doe Run Peru Srl,,1
Dogma,,1
Doktuz S.A.C.,,1
Dolcci Premium,,1
Dollytu,,1
Dominion Peru Sac,,1
Domiruth Travel,,1
Don Agostino Sac,,1
Don Mamino,,1
Dormeson Gestion Inmobiliaria,,1
Dotnet Sac,,1
Dp World,,1
Dp World Callao S.R.L,,1
Dragma Sac,,1
Dreams Corporation Sac,,1
Dreams Corporation Sac- Casino New York,,1
Drei Consultores Sac,,1
Drogueria Daes Eirl,,1
Dsb Mobile,,1
Dulce Compania,,1
Dvg,,1
Dwconsulware Del Peru,,1
E Business Distribution,,1
E&Amp;E Consultores En T.I. / R.I. S.A.C.,,1
Eafc Maquisistema Sa,,1
Easycom Solutions S.A.C,,1
Ebd - Proyecto Mef,,1
Ebiz Latin,,1
Ebiz Latin America Sac.,,1
Ebiz S.A.C.,,1
Ecai ( Organizacion Sin Fines De Lucro),,1
Ecit Del Peru,,1
Ecm Operadores Logistico,,1
Eco Clean,,1
Ecocentury S.A.C.,,1
Ecol-Energy,,1
E-Contact Peru,,1
Ecopanela,,1
Ecosermo,,1
Ecuacion Digital,,1
Edelnor,,1
Editorial Navarrete,,1
Editorial Pilares,,1
Editorial Santillana (Santillana S.A.),,1
Edpyme Acceso,,1
Edpyme Acceso Crediticio,,1
Edpyme Credivision S.A.,,1
Educa Ancon,,1
Efact,,1
Efact Sac,,1
Efc,,1
Efc Electro Ferro Centro S.A.C,,1
Efitec Ti,,1
E-Gestiontech (Chile) - Remoto,,1
Egp Comunicaciones,,1
Ehsq Consulting Group,,1
Eisei,,1
El Comercio,,1
El Comercio Sa,,1
El Hospital Del Nino-Av Brasil_Brena,,1
El Huachano,,1
El Pardo Doubletree By Hilton,,1
El Pedregal S.A.,,1
Electroandina Industrial,,1
Electronic'S Ingenieria,,1
Electroquimica Asdan Eirl,,1
Embotelladora San Miguel Del Sur,,1
Emergent Cold Peru,,1
Emprende Up,,1
Empresa Cieta,,1
Empresa De Rubro Bazar,,1
Empresa Editora El Comercio,,1
Empresa Editora El Comercio Sa,,1
Empresa It Project Management S.A.C,,1
Empresa Laforce Securite,,1
Empresa Minera Alpayana S.A.C,,1
Empresa Municipal De Agua Potable Y Alcantarillado De Pisco S.A. - Ot,,1
Empresa Nacional De Puertos Sa,,1
Empresa Propia,,1
Empresa: Constructora Y Consultora Remar S.A,,1
Empresas Comerciales Sa,,1
Empresas De Diversos Rubros,,1
Emtrafesa,,1
Enaex - Filial Peru,,1
Enchufate Sac,,1
Encora,,1
Encuentros Sjs,,1
Enel Distribucion Peru S.A.A.,,1
Enel Generacion Peru,,1
Enel X,,1
Engie Service,,1
Engie Services Peru S.A.C,,1
Enlazando,,1
Enotria S.A,,1
Enotria S.A.,,1
Enova,,1
Entel Chile,,1
Envapack Peru,,1
Envasadora San Gabriel Srl,,1
Eqhiuni S.A.C.,,1
Equifax - Equifax Inc,,1
Equifax - Mdp Consulting,,1
Equifax Peru S.A. (Infocorp),,1
Ernest &Amp; Young,,1
Ernst &Amp; Young (Ey),,1
Ernst &Amp; Young Consultores S. Civil De R.L.,,1
Esan Graduate School Of Business,,1
Escuela Nacional De Estadistica E Informatic...,,1
Escuela Nacional De Formacion Policial,,1
Escuela Tecnica Del Ejercito,,1
Esmeralda Corp S.A.C,,1
Espuma Polimeros S.A.C,,1
Essalud,,1
Essalud - Rpa,,1
Estanterias Metalicas Jrm,,1
Estee Lauder,,1
Estrategia Y Direccion Sac,,1
Estrateguis Empresarial Eirl,,1
Estructuras Industriales E.G.A.,,1
Estudio Contable,,1
Estudio Contable Bacilia Julca,,1
Estudios Ecla,,1
Esvicsac,,1
Eucim Business School,,1
Euro System,,1
Euroamerican College,,1
Euroflex Peru,,1
Euromotors S.A,,1
Everest S.A.S.,,1
Everis - Bcp,,1
Everis - Ntt-Data Peru,,1
Everis Del Peru - Proyecto Bcp,,1
Everis S.A.,,1
Everis S.A.C.,,1
Evol - Tsnet S.A.,,1
Evol (Tsnet S.A.),,1
Evol Peru,,1
Evol Ts Net,,1
Evotic,,1
Exact S.A.C - Empresa Especialista En Gestion Documental,,1
Exact Sac,,1
Exagon Peru S.A.C.,,1
Experian,,1
Experis Peru,,1
Experis Professional,,1
"Experis, Cliente Delosi",,1
Expertia Travel Sac,,1
Expertta Salud S.A.C.,,1
Exportadora Fruticola Del Sur S.A,,1
"Exportadora San Alberto Peru, Sac.",,1
Exsa - A Member Of The Orica Group,,1
Exxa Consulting,,1
Eym Logistic Transport Sac,,1
Ez Forms Pro,,1
F&Amp;E Corporation Sac,,1
F&Amp;L Inmobiliaria,,1
F1 Services &Amp; Solution,,1
Fablab Tecsup,,1
Facele S.A.C,,1
Factorit,,1
Facturactiva,,1
Facultad De Ciencias Uni,,1
Facultad De Medicina Humana - Unjfsc,,1
Falabella Peru,,1
Falabella Tecnologia Peru S.A.C,,1
Fallabella,,1
Faposac- Portuaria -Arequipa,,1
Faraday Electric Transformers,,1
Faraona Grand Hotel,,1
Fargoline S.A.,,1
Farmacias Peruanas - Intercorp,,1
Farmacias Peruanas S.A,,1
Farmalisto Peru,,1
Fast Forward Advisors,,1
Fastco,,1
Feban,,1
Federacion Deportiva Peruana De Natacion,,1
Femsa - Oxxo Peru,,1
Fenix Power Peru,,1
Ferreyros S.A,,1
Feruhuja Sac,,1
Fesepsa,,1
Festiclub,,1
Fiber Global,,1
Fidenza S.A.,,1
Filind Brand,,1
Filly Logistics,,1
Filmarte,,1
Filtros San Jorge Sac,,1
Financiera Confianza S.A.A.,,1
Financiera Credinka,,1
Financiera Credinka S.A,,1
Financiera De Credito Y Ahorro,,1
Financiera Efectiva,,1
Financiera Efectiva/Grupo Efe,,1
Financiera Proempresa,,1
Financiera Proempresa Sa,,1
Finansol Cooperativa,,1
Fitesa Peru Sac,,1
Fixenova,,1
Flagare Spa,,1
Flash Servicio Tecnico S.Ac ( Grupo Nova Maquinaria),,1
Floreria San Borja,,1
Florita,,1
Fluxus Sac,,1
Fluyez,,1
Fonafe,,1
Fonbienes Peru Eafc,,1
Fondo Mivivienda,,1
Footloose Y Gzuck,,1
Foox.La,,1
Forbis Logistics S.A.,,1
Force Close,,1
Fordex Scrl,,1
Forest Electromechanic Solution,,1
Fortel Bpo,,1
Fortel Contact Center &Amp; Bpo,,1
Forum 9,,1
Fosforera Peruana S.A.,,1
Fractal,Si,1
Fractal - Banbif,,1
Fractal Soluciones Ti,,1
Fractalia Peru,,1
Fractalia Peru Sa,,1
Fractalup,,1
Frecuencia Latina,,1
Free Lance,,1
Freelance - Independiente,,1
Freelance Azure,,1
Freelance Consultant,,1
Freelancer.Com,,1
Freno S.A.,,1
Frenosa,,1
Fridays Peru,,1
Froizen,,1
Fuego Burger And Bbq,,1
Fuego Tv,,1
Full Fitness Sac,,1
Fullcarga Sac,,1
Fullen International Peru,,1
Fuller P. Brands Colombia,,1
Fundacion Academia Diplomatica Del Peru,,1
Fundacion Bernard Van Leer Y Municipalidad De Lima,,1
Fundacion Universitaria Iberoamericana - Funiber,,1
Fundador Y Consultor De Redes Sociales,,1
Fundo San Fernando - Ica,,1
Fysem Ingenieros Sa,,1
G&Amp;G,,1
G&Amp;H Global Logistics,,1
G. W. Yichang &Amp; Cia,,1
G3 Asociados,,1
Gaceta Juridica S.A.,,1
Gadi Confecciones Y Estampados E.Ir.L.,,1
Gambyte Peru,,1
Gammacargo,,1
Garden Natura,,1
Gategourmet Peru,,1
Gbs Soluciones De Negocio,,1
Gdm Peru Sac,,1
Gdp Supergroup,,1
Gea Internacional,,1
Gea Peru,,1
Gemini Technologies,,1
Gemu,,1
Geo Communications Systems S.A.C,,1
Geoccomp Ingenieros S.A.C.,,1
Geosatelital,,1
Geovictoria Peru,,1
Geoxpress,,1
Gepeho,,1
Gestion De Servicios Compartidos Sac,,1
Gestion De Servicios Compartidos Valtx,,1
Gestion Estrategica De Negocio,,1
Gestion Source,,1
Gestionsource,,1
Gestus&Amp;Qualitas,,1
Gfi - Inetum,,1
Gfi Informatique - Hundred Sac,,1
Gfi Peru (Antes Hundred Sac),,1
Gfi Sac,,1
Gft,,1
Gi Coronado Contact Center Eirl,,1
Giale,,1
Gilat,,1
Gilat Networking Peru,,1
Gilat Networks,,1
Gilat Networks Peru S.A.,,1
Gilat Peru,,1
Git Grupo Gesintel Peru Sac,,1
Glencore- Empresa Minera Los Quenuales S.A.,,1
Global Billion,,1
Global Hitss - America Movil,,1
Global Hitss - America Movil / Claro,,1
Global Hitss (Grupo America Movil),,1
Global Hitss Peru S.A.C.,,1
Global Its,,1
Global Management Corporation (Gmc),,1
Global Resources,,1
Global Sales Solutions,,1
Global Sales Solutions Line Sl Sucursal Peru,,1
Global Solution Integrate,,1
Globalhitss,,1
Globalhitss Para Cliente Claro,,1
Globant Peru,,1
Globokas,,1
Globokas Peru,,1
Glocalbc,,1
Gloria S.A,,1
Gloria S.A.,,1
Glovo,,1
Gmc Soft,,1
Gmd Bbva,,1
Gminort,,1
Gml Soluciones,,1
Go Ahead Sac (Nirex),,1
Gobierno Del Distrito Capital,,1
Gobierno Regional De Loreto,,1
Gobierno Regional Del Callao,,1
Gobierno Regional Pasco,,1
Golden Freezer Eirl,,1
Golden Investment,,1
Goled Peru,,1
Gps Asset Management,,1
Grafica Cristal S.R.L.,,1
Grafica Ibelsa,,1
Grafica Industrial Alarcon Srltda.,,1
Grana Y Montero,,1
Granos Y Verdes,,1
Greenbird Agtech,,1
Gretel International Sac,,1
Groundprobe Peru S.A.C. (Grupo Orica),,1
Grow Consultores,,1
"Grunenthal Peruana S,A",,1
Grupo 3 Inmuebles,,1
Grupo A.H.J.,,1
Grupo Alvarado - Nexa,,1
Grupo Apr Sac,,1
Grupo Athos,,1
Grupo Avanza Sac,,1
Grupo Avatar Pucp,,1
Grupo Bantek,,1
Grupo Bengala Inmobiliario,,1
Grupo Bolsa De Valores De Lima,,1
Grupo C Peru Sac,,1
Grupo Cabal,,1
Grupo Cahema S.A.C.,,1
Grupo Cargo Business,,1
Grupo Caupesac,,1
Grupo Chemmer,,1
Grupo Cinte Peru,,1
Grupo Compina,,1
Grupo Copetrol,,1
Grupo Coril S.A.,,1
Grupo Costamar Travel,,1
Grupo Crosland,,1
Grupo Dalisa S.A.C,,1
"Grupo Delaware Peru, S.A.C",,1
Grupo Deltron S.A.,,1
Grupo El Marques,,1
Grupo Empresarial El Rapido Sa,,1
Grupo Entretenedores,,1
Grupo Erca,,1
Grupo Falabella - Falabella Tecnologia Peru,,1
Grupo Fe,,1
Grupo Gerencial Srl,,1
Grupo Gloria (Centro S.A),,1
Grupo Gurkas S.A.C,,1
Grupo Jlb,,1
Grupo Kio S.A.C,,1
Grupo Limpium,,1
Grupo M&Amp;G Negocios - Mg Motos,,1
Grupo Maquinarias,,1
Grupo Mkm Scrl,,1
Grupo Palomino S.A,,1
Grupo Pana,,1
Grupo Paracas,,1
Grupo Peru Alfa,,1
Grupo Pumaccahua,,1
Grupo Rohcaz Constructora E Inmmobiliaria S.A.C,,1
Grupo San Pablo - Servicios Servial,,1
Grupo San Pablo S.A.,,1
Grupo Scotiabank,,1
Grupo Seidor,,1
Grupo Seidor Peru,,1
Grupo Silvestre,,1
Grupo Stt Peru,,1
Grupo Sura,,1
Grupo Tecnologico Del Peru S.A.,,1
Grupo Tyc,,1
Grupo Utp,,1
Grupo Utp-Intercorp,,1
Grupo: Ipesa,,1
Grupoutp,,1
Gs1 Peru,,1
Gsperu S.A.C,,1
Gt Software,,1
Gta Peru Sac,,1
Gubarq Studio,,1
Gym,,1
Gym S.A,,1
Gys Gestion Y Sistemas - Mincetur,,1
Gyw Servicios Generales Eirl,,1
H&Amp;M,,1
Hallwiya,,1
Handtech E.I.R.L.,,1
Hare,,1
Hasoft Center,,1
Havas Media,,1
Hco Latam,,1
Hdc Bpo,,1
Hdec Bpo Services,,1
Hebo Comercial,,1
Heinflex Peru Sac,,1
Heinz Glas Peru,,1
Hellmann,,1
Hello Zum,,1
Hennes And Mauritz Sac,,1
Hermes,,1
Herramientas Y Accesorios Sac,,1
Hewlett Packard,,1
Hewlett Packard Enterprise (Hpe) - Cliente Entel,,1
Hewlett-Packard,,1
Hidrostal S.A.,,1
High Service,,1
High Servis,,1
High Talent Asociados S.A.C,,1
High Talent Asoiciados,,1
High Techno World,,1
Highservice International Sac,,1
Hilart Sac,,1
Hilti And Knowlton,,1
Hiper S.A.,,1
Hiper Sa.,,1
Hipermercados Tottus S.A,,1
Hitss Peru S.A.C,,1
Hitss Peru S.A.C.,,1
Hitss Peru Sac,,1
Hochschild Mining,,1
Holt Company,,1
Homeaway By @Aynitech,,1
Hortifrut Peru,,1
Hospital Carlos Lanfranco La Hoz,,1
Hospital Daniel Alcides Carrion,,1
Hospital De Emergencia Ate Vitarte Covid-19,,1
Hospital Diospi Suyana,,1
Hospital Militar Geriatrico,,1
Hospital San Bartolome,,1
Hospital San Jose De Chincha,,1
Hospital Sergio Bernales-Collique,,1
Hotel Casa Andina Premium Miraflores,,1
Hotel El Arrabal,,1
Hotel Sonesta Olivar,,1
Hoteles Costa Del Sol,,1
Housemart Peru Sac,,1
Hp Inc Peru S.R.L - Cliente Bcp,,1
Hpp Aditivos,,1
Hrl Soluciones S.A.C,,1
Https://Willycasanaportafolio.Bss.Design,,1
Huemura,,1
Human Solutions,,1
Humana Socios Estrategicos,,1
Hundred / Belcorp,,1
Hundred Consulting Sac,,1
Hundred S.A.C.,,1
Hunt Lng Operating Company S.A.C. - Canete,,1
Hunter Lojack,,1
Hunter Peru,,1
Hv Sac,,1
Hyundai,,1
"I.E.E. Ndeg 1071 ""Alfonso Ugarte""",,1
I.E.P Alfa,,1
I.E.P Alfred Nobel,,1
I.E.P Deuni School,,1
I.E.S.P Comunidad Teologica Del Peru,,1
Iafas-Fosfap,,1
Ibam,,1
Ibcorp,,1
Iberoplast S.A.,,1
Ibm - Proyecto Bcp,,1
Ibm Del Peru S.A.C.,,1
Ibm Del Peru Sac,,1
Ibm Del Peru Sac.,,1
Ibm Peru,,1
Ibm_Peru,,1
Ibsoft Development,,1
Ibtgroup,,1
Ice Solutions,,1
Ico Logistica Sac,,1
Icpna - Instituto Cultural Peruano Norteamericano,,1
Icpna-La Molina,,1
Idat S.A.C,,1
Idat-Utp,,1
Idat-Utp Grupo Intercorp,,1
Ide Solution,,1
Ideap Consulting Group,,1
Ids Latam,,1
Ie San Agustin,,1
"Ieduca: Certus, Toulouse Lautrec Y Ucal",,1
Ieee Comsoc Unmsm,,1
Ieee Ras,,1
Iespp-Abl,,1
Iest Almirante Miguel Grau,,1
Ifood,,1
Igh Ingenieria S.A.,,1
Ikergust Service &Amp; Technology E.I.R.L,,1
Ilaria International,,1
Ilender Peru Sa,,1
Im Ingenieria Y Manufactura,,1
Imexa Peru E.I.R.L,,1
Imfundo Kahle,,1
Import &Amp; Export El Triunfo Servicios Generales S.R.L.,,1
Import &Amp; Export Izam S.A.C,,1
Importaciones Uno Mas Uno,,1
Impulsa A365,,1
Impulso Labs,,1
Inabif,,1
Incacel Movil S.A,,1
Incimmet,,1
Incognito Srl,,1
Inconcert,,1
Indecopi,,1
Indelat Sac,,1
Indigo Smart Solutions,,1
Indra Peru Sac,,1
Indra S.A,,1
Indumelab,,1
Industria De Molienda Y Comercializacion S.A.C,,1
Industrial Controls Sac,,1
Industrial Don Martin Sac,,1
Industrias Del Espino,,1
Industrias Sadare S.A.C,,1
Industrias San Miguel,,1
Industrias Teal,,1
Industrias Triveca S.A.C,,1
Inetum Espana S.A. - Sucursal En Peru,,1
Infhotel Servicios Informaticos,,1
Infopuc (Instituto De Informatica De La Pucp),,1
Informatica Delta(Bancoripley Account),,1
Informese Sac,,1
Infratech,,1
Ingemmet,,1
Ingenieria Aplicada Y Servicios Generales E.I.R.L.,,1
Ingenieria Medioambiente Construccion S.A.,,1
Ingenieria Y Servicios Generales Srl (Insergg),,1
Ingenieros Friotemp S.A.C,,1
Ingram Micro,,1
Inka Technologies (Bitinka),,1
Inkafarma,,1
Inkapro,,1
Inkua,,1
Inlingua,,1
Inma Ingenieria Automotriz,,1
Inmac,,1
Inmobiliaria Koricancha S.A,,1
Inmobiliaria Y Contructora Marcan,,1
Inmobitec,,1
Innova Digital Solutions,,1
Innova Funding Sac,,1
Innova Pucp,,1
Innova S.,,1
Innova Soluciones Sac,,1
Innovacion En Geosinteticos Y Construccion,,1
Innovarit,,1
Inpe,,1
Inpecorp,,1
Inpelsa,,1
Inppares,,1
Inqa Technologies E.I.R.L,,1
Inretail Pharma,,1
Insan Consultores,,1
Inspira It,,1
Inspira Tecnology Secure,,1
Inst. Sup. Sise,,1
Institucion De Rehabilitacion Integral Y Educacion Especial,,1
Institucion Gue. Jose Antonio Encionas,,1
Institucion Sise,,1
Instituto Cibertec,,1
Instituto Cientifico Del Pacifico,,1
Instituto Cimas,,1
Instituto Cultural Peruano Norteamericano,,1
Instituto De Ciencias Y Humanidades,,1
Instituto De Educacion Tecnologico Publico,,1
Instituto Del Mar Del Peru - Imarpe,,1
Instituto Libertador,,1
Instituto Morveltec.,,1
Instituto Nacional De Defensa Civil. (Indeci),,1
Instituto Nacional De Estadistica (Ine),,1
Instituto Nacional De Oftalmologia,,1
Instituto Peruano Para La Concertacion Y El Desarrollo S.R.L.,,1
Instituto San Pablo,,1
Instituto Superior Tecnologico Jhalebeth,,1
Instituto Superior Tecsup,,1
Instituto Toulouse Lautrec,,1
Instituto World English,,1
Instruprocesos,,1
Intech Sa,,1
Integra Retail S.A.C.,,1
Integrator S.A.C.,,1
Integrator Sac,,1
Intelec,,1
Intelecto E.I.R.L. Microsoft Partner,,1
Intelica,,1
Intelica Corp,,1
Intelidata,,1
Intelinet,,1
Intellisoftsa,,1
Interamerican Service Co,,1
Interamericana,,1
Intercorp - Inlearning,,1
Intercorp Retail,,1
Interfono Sac,,1
Intergrupo Peru Sac,,1
Interoc Sa,,1
Interpublic Colombia S.A.S,,1
Interseguro Compania De Seguros,,1
Interseguros,,1
Intertek,,1
Intursa,,1
Intursa- Hotel Aloft Lima Miraflores,,1
Invermet,,1
Inversiones Cea Metales Srl,,1
Inversiones Crooke S.A.C,,1
Inversiones Farmaceuticas Kallpa S.A.C.,,1
Inversiones Farmacom,,1
Inversiones Fortuna Iuvat Audces S.A.C,,1
"Inversiones Hc Computer1105,C.A",,1
Inversiones Inmobiliarias,,1
Inversiones Karmont S.A.C.,,1
Inversiones Lamariel Sac,,1
Inversiones Luteda Sac,,1
Inversiones Martini Eirl,,1
Inversiones Peru Pacifico,,1
Inversiones Rentables Sac,,1
Inversiones Tmsi,,1
Inversiones Y Consultores Guerrero E.I.R.L,,1
Invest Financial Business Group,,1
Ipc Associates,,1
Ipg Mediabrands,,1
Ipinfocom,,1
Iq Project,,1
Iq Project Sac,,1
Iqproject,,1
Ir.Sanchez Srl,,1
Isaf Consultores S.A.,,1
Isoluciones Integrales Sac,,1
Isotools Excellence,,1
Ispacj,,1
Issoma,,1
Istpaa Sac,,1
Isystems Sac,,1
It Business Consultants Professionals S.A.C. - Itbcp S.A.C,,1
It Consulting Corporation,,1
It Convergence,,1
It Group S.A.C.,,1
It Group Solutions,,1
It Service Sac,,1
It Servicios Y Consultoria Sac,,1
Italian House,,1
Italperu Cimentaciones,,1
Itb Support,,1
Itbcp Consultores En Tecnologias,,1
Itd Distribution,,1
Itera Process Consulting E It Institute,,1
Itesa Sac,,1
Itg,,1
Itg Solutions Sac,Si,1
Itgroup,,1
Itm Soluciones Tecnologicas E Inversiones S.A.C.,,1
Ito Ingenieros,,1
Itp - Ministerio De La Produccion,,1
Itsystems,,1
Itteam,,1
Ive Industrias Generales E.I.R.L.,,1
Izipay,,1
Izipay S.A.,,1
Izo,,1
J&Amp;V Resguardo (Liderman),,1
J&C Servicios De Mecanica De Suelos,,1
J. Sanchez Meza Y Asociados Contadores Publicos,,1
J/R Asociados,,1
Ja Transervi Sac,,1
Jagi Sac,,1
Jast Corredores De Seguros,,1
Jc Ingenieria Y Construccion,,1
Jc World,,1
Jci Ingenieria & Servicios Ambientales S.A.C,,1
Jdm Tecnologia Y Soluciones Globales,,1
Jefron Y Compania Peru Sac,,1
Jfb Servicios Generales S.A.C.,,1
Jhan Marco E.I.R.L.,,1
Jho Soluciones S.A.C.,,1
Jj Kalidad E.I.R.L.,,1
Jl Maquimotors S.A.C,,1
Jmt Digital Outdoors Sac,,1
Jobctrl Peru,,1
Joe Club Peru,,1
Johnson Controls,,1
Joy It,,1
Jr Logistica Integral Eirl,,1
Jrc Ingenieria Y Construccion Sac,,1
Jrm,,1
Js Consultors,,1
Js Market Solutions (Movistar Peru),,1
Junta De Propietarios Del Edificio Lexus,,1
Juntoz. Com,,1
Jutmay Inversiones S.A.C.,,1
Jyb,,1
Jyp Perifericos,,1
Jzg Abogados Eirl,,1
Kaits Consulting,,1
Kaits Consulting Sac,,1
Kaizen Group S.A.C,,1
Kallpa Generacion,,1
Kallpa Generacion S.A,,1
Kayak Soluciones,,1
Key Solutions,,1
Keysolutions (Yanbal),,1
Killqar,,1
Kimberly Clark,,1
King Real Security,,1
Klimatic,,1
Knowbly Learning System,,1
Kobranzas Sac,,1
Kobsa,,1
Kolben Bruder Scrl,,1
Kolff Peru S.A.C.,,1
Komatsu - Mitsui Maquinarias,,1
Komatsu Mitsui Maquinarias Peru,,1
Komax Peru Sac,,1
Konecta Bpo,,1
Konecta Bto,,1
Konecta Bto S.L.Sucursal En Peru,,1
Konica Minolta Peru,,1
Koplast Industrial,,1
Krealo Fintech,,1
Krowdy/Laborum,,1
Ks Depor,,1
Ktl Project And Consuting Group Sac,,1
Kunaq & Asociados,Si,1
Kunaq &Amp; Asociados,,1
Kuria,,1
Kushki,,1
Kusi Girl,,1
Kuwa,,1
L&Amp;P Ingenieria Y Gas,,1
L. + J. Baechler Ingenieros S.A.,,1
La Chechi Postres,,1
La Esquinita,,1
La Genovesa,,1
La Hanseatica,,1
La Muralla Gerencia Y Construccion,,1
La Positiva Seguros,No,1
La Positiva Seguros - Mdp Consulting,,1
La Tinka S.A,,1
Lab Nutrition Corp Sac,,1
Labofta,,1
Laboratoria,,1
Laboratorios Ac Farma S.A.,,1
Laboratorios Frada S.A.C,,1
Laboratorios Precisa,,1
Laboratorios Smasac,,1
"Labware Latin America, Inc.",,1
Lacce,,1
Laive,,1
Laive S.A,,1
Lancoach,,1
Laney Corp Sac,,1
Last M Biz Group,,1
Latam Airlines,,1
Layout,,1
Layseca Asociados Sac,,1
Lc Group Sac,,1
Lc Producciones Y Eventos,,1
Lch Solutions Eirl,,1
Le Cordon Bleu,,1
Le Cordon Bleu Peru,,1
Le Requien Rush S.A.C.S.,,1
Leading Group Sac,,1
Learning Innovation,,1
Lee Felter Del Peru Sac,,1
Leira Solutions,,1
Lgm Transportes,,1
Libre Inmobiliaria - Colabora,,1
Librerias Crisol,,1
Licons Group,,1
Lidera Digital,,1
Liderman,,1
Lidins,,1
Ligo,,1
Lima Bus Internacional 1 S.A.,,1
Lima Caucho S.A,,1
Lima Caucho S.A.,,1
Lima Centro Constructores,,1
Lima Expresa,,1
Lima Gas S.A,,1
Liteyca De Peru Sac,,1
Liwilu Sac,,1
Llantas Y Aros Chirinos,,1
Lnk,,1
Locales Deportivos,,1
Logicalis Andina,,1
Logra Gestion Del Talento Sac,,1
Loon Llc By Google,,1
Los Portales,,1
Los Portales S.A.,,1
Los Portales Sa,,1
Loterias Del Peru Sac,,1
Lubrinegocios S.A.C,,1
Lucero Vraem,,1
Lucha Partners,,1
Lucha Partners S.A.C,,1
Luckia,,1
Lucky S.A.C,,1
Lucky Sac,,1
Luis Tinco Eirl,,1
Lumingo - Grupo El Comercio,,1
Lumingo (Grupo El Comercio),,1
Lumingo.Com,,1
Lupuna Outdoors,,1
Lurawy Peru,,1
Luz Alfa Sac,,1
Luz Del Sur S.A.A,,1
M&Amp;M Sa,,1
M&Amp;R Industrial S.A.C,,1
Ma Nt Services Sac,,1
Mab Peru,,1
Machen Peru S.A.C.,,1
Macrosolution Sac,,1
Maderera Bozovich,,1
Madrid Edificaciones,,1
Maes,,1
Magot Sociedad Agente De Bolsa,,1
Maim Peru,,1
Make A Wish Peru,,1
Makerdev Solutions,,1
Maletek Peru Sac,,1
Mama Qucha,,1
Man Pan,,1
Management Solutions,,1
Manantial Tecnologico Eirl,,1
Manpower- Experis,,1
Manpower Professional,,1
Manpowergropup Peru,,1
Mantenimiento Y Supervision S.A.,,1
Mantyobras S.A.C,,1
Manufacturas Industriales Mendoza S.A.,,1
Manufacturas San Isidro S.A.C,,1
Manya.Pe,,1
Mapfre Peru Vida,,1
Mapfre Seguros,,1
Mapfre(Experis),,1
Mapsalud Sac,,1
Maquimotora S.A.C,,1
"Marcimex , Indurama, Indurama Peru",,1
Marco Marketing,,1
Mardigras S.A.C,,1
Markberg - Marketing Medico,,1
Marketista,,1
Marki (Ong),,1
Markovations Sac,,1
Mas Soluciones Corredores De Seguros,,1
Mas Soluciones Corredores De Seguros S.A.C.,,1
Master Class,,1
Master En Metodologias Agiles - Barcelona,,1
Masterfix Sac,,1
Materia Gris Sac,,1
Mattel Inc,,1
Matysger S.A.C.,,1
Mauqinarias Carroceria Y Pintura,,1
Mazve Eirl,,1
Mcg,,1
Mcgc,,1
Mdp Consulting S.A,,1
Mdp Consulting-La Positiva Seguros,,1
Mdt - Centro De Formacion,,1
Mdy Call Center,,1
Measuring Engineer Group Peru S.A.C,,1
Mecanica Fina Y Matriceria,,1
Medcel,,1
Media Manager Sac,,1
Media Network,,1
Media Networks,,1
Media Networks Latin America S.A.C,,1
Mediabrands,,1
Mediabyte S.A.C,,1
Mediabyte Sac,,1
Mediapro,,1
Medifarma,,1
Medika Express Sac,,1
Medika Peru,,1
Medilab,,1
Meecsac - Marzano Explosives Engineering Company,,1
Mef - Despacho Viceministerial De Hacienda,,1
Mego Networks,,1
Mendoza Industrial,,1
Merakids Learning,,1
Mercado Virtual Peru,,1
Merck Peruana S.A.,,1
Merrill Internacional Sac,,1
Metalpren Sac,,1
Metrica Andina - Cliente Bcp,,1
Metrica Direccion Integral De Proyectos S.A.C,,1
Metro Linea 2 Panama,,1
Metroil S.A.C,,1
Meypar,,1
Mi Banco Banco De La Microempresa,,1
Mi Enfermera S.A.C,,1
Mi Negocio En Digital,,1
Mia Amoretti International,,1
Mia Macchieri,,1
Michael Page International,,1
Michael Page Para Abb,,1
Midis,,1
Mikipu Sac,,1
Millenials Med,,1
Millennial,,1
Millennials Med,,1
Mincetur,,1
Mincetur S.A.,,1
Mind Group Srl,,1
Minera Boroo Misquichilca Sa,,1
Minera Chinalco Peru,,1
Minera Las Bambas,,1
Minera Laytaruma,,1
Minera Nexa Resources,,1
Mininter,,1
Ministerio De Desarrollo E Inclusion Social,,1
Ministerio De Desarrollo E Inclusion Social - Pn Pais,,1
Ministerio De Justicia,,1
Ministerio De La Mujer,,1
Ministerio De La Mujer Y Poblaciones Vulnerables - Mimp,,1
Ministerio De Relaciones Exteriores,,1
Ministerio De Salud Del Peru,,1
Ministerio De Trabajo,,1
Ministerio De Trabajo Y Promocion Del Empleo,,1
Ministerio De Trnasporte Y Comunicaciones,,1
Ministerio De Vivienda Construccion Y Saneamiento,,1
"Ministerio De Vivienda, Construccion Y Saneamiento",,1
Ministerio Del Interior,,1
Ministerio Del Trabajo,,1
Ministerio Produccion,,1
Ministerio Publico - Fiscalia De La Nacion,,1
Minsa,,1
Minsur,,1
Miptel,,1
Mision Familiar Internacional,,1
Mision Tecnologica Sac,,1
Mistr S.A.,,1
Mitsui Auto Finance (Maf),,1
Mitsui Auto Finance Peru S.A.,,1
Mixercon S.A,,1
Mjm,,1
Mlc Eirl,,1
Mlm Consultores En Gestion De Proyectos,,1
Mmg Las Bambas,,1
Mobil Bus,,1
Mobile Software Peru,,1
Modepsa Sac,,1
Modulo Basico De Justicia De Nuevo Chimbote,,1
Mohegan Sun,,1
Mok Peru Sac,,1
Molitalia Sa,,1
Monark Peru,,1
Monithor,,1
Monte Luna Sac,,1
Motivakids,,1
Motorsur,,1
Movil Bus.,,1
Movistar,,1
Movistar / Tgestiona,,1
Movistar/ Diamire,,1
Movitecnica Sa,,1
Movo Mobilitas Peru,,1
Msl Del Peru S.A.C.,,1
Mt Industrial - Sole,,1
Mtc Servicios Generales,,1
Muebles Guillen,,1
Muelles Casas,,1
Multicosailor Sac,,1
Multiplica,,1
Multiservicios Gesa Eirl.,,1
Mundo Salud,,1
Mundo Vegetal,,1
Municialidad Metropolitana De Lima,,1
Municipalidad De Bellavista,,1
Municipalidad De Carabayllo,,1
Municipalidad De Chanchamayo,,1
Municipalidad De Chorrillos,,1
Municipalidad De Independencia-Huaraz,,1
Municipalidad De La Molina,,1
Municipalidad De La Punta,,1
Municipalidad De Lima,,1
Municipalidad De Miraflores - Gsc,,1
Municipalidad De San Isidro,,1
Municipalidad De San Martin De Porres,,1
Municipalidad Distrital Caleta De Carquin,,1
Municipalidad Distrital De Bellavista,,1
Municipalidad Distrital De Carmen De La Legua,,1
Municipalidad Distrital De Chaclacayo,,1
Municipalidad Distrital De Comas,,1
Municipalidad Distrital De Miguel Checa,,1
Municipalidad Distrital De Nepena,,1
Municipalidad Distrital De Pachacamac,,1
Municipalidad Distrital De Paracas,,1
Municipalidad Distrital De Ventanilla,,1
Municipalidad Distritial De Bellavista,,1
Municipalidad Provincial De Cajamarca,,1
Municipalidad Provincial De Chincheros,,1
Municipalidad Provincial De Huaraz,,1
Municipalidad Provincial Del Callao,,1
Municipalidad Provincial Jorge Basadre,,1
Municipalidad Pucusana,,1
Mur-Wy S.A.C. Grupo Aruntani,,1
Mv-Tel Peru S.A.C,,1
Mym Repuestos Y Servicios S.A.,,1
"N.O 89-2021 Ugel La Mar (I.E. ""Leoncio Prado - Jec"" Chungui- La Mar)",,1
Natcodee,,1
National Facilities,,1
Natural Peru,,1
Naturezza,,1
Navent,,1
Nearshore Peru S.A.C.,,1
Nebulan,,1
Nefusac,,1
Negocia.Pe,,1
Negocio Familiar,,1
Neoapps,,1
Neon House Led Sac,,1
Neoris Peru S.A.C.,,1
Neptunia S.A.,,1
Net Axxes,,1
Netpartnet International,,1
Network Security Solution,,1
Neuma Peru Contratistas Generales S.A.C.,,1
New Age Technology,,1
New Athletic,,1
New Control,,1
New Digital Partners,,1
New Digital Partners S.A.C.,,1
New Innovation Digital S.A.C,,1
Nexa Resources El Porvenir Sac,,1
Nexicom,,1
Nexo Gestion Inmobiliaria,,1
Nexus Technology,No,1
Ngr Restaurants,,1
Nihm Design,,1
Niisa Corporation S.A.,,1
Nike,,1
Noatum Logistics,,1
Noatum Logistics Peru Inc. S.R.L - Sede Latam,,1
Noatum Logistics Peru Inc. S.R.L.,,1
Nolt Ingenieros Sac,,1
Noovus Technology Business Unit,,1
Notaria Del Villar Prado,,1
Nova Industrial,,1
Novacloud S.A.C.,,1
Novit Lab - Cliente Mapfre,,1
Novopan Peru Sac,,1
Novotrans Logistica Y Carga,,1
Nqa Latam S.A.C.,,1
Ntt Data- Peru,,1
"Ntt Data Peru, S.A.C.",,1
Ntt Data Sac,,1
Nttdata Peru S.A.C,,1
Nuevas Tic,,1
Nuovo Profil S.A.C,,1
Oak Sport,,1
Obra Mecatronica,,1
Obras N.M,,1
Oca Global,,1
Oceano Consulting Sac,,1
Oceano Seafood S.A.,,1
Odpe Lima Norte,,1
Oechsle,,1
Oefa,,1
Oelo Informatic Solutions E.I.R.L,,1
Oficina Nacional De Procesos Electorales - Onpe,,1
Oficina Nacional De Procesos Electorales - Ref2018,,1
Oficina Nacional De Procesos Electorales (Onpe),No,1
Oftalmosalud Arequipa,,1
Ogreen,,1
Oiltanking Andina Services Sac,,1
Oktana,,1
Olimporestobar,,1
Olivos Del Sur Sac,,1
Oltursa,,1
Olva Courier Sac,,1
Omnia Medica,,1
Oncosalud,,1
Ong Tejiendo Sonrisas,,1
Onp,,1
Open English,,1
Open House,,1
Open Source Enterprise,,1
Opencloud Consulting,,1
Operaciones Arcos Dorados De Peru S.A,,1
Operado Por Ericsson,,1
Operadora De Carreteras,,1
Operadores Mr S.A.C.,,1
Opplus Operaciones Procesos Bancarios,,1
Optica Trend,,1
Optica Vision,,1
Optical Network,,1
Optical Network (Win),,1
Opticas Gmo,,1
Optimiza Construccion Y Servicios Sac,,1
Orange Publicidad,,1
Org. De Evaluacion Y Fiscalizacion Ambiental Oefa,,1
Organismo Supervisor De La Inversion En Energia Y Mineria - Osinergmin,,1
Organizaciones Sermat S.A.C.,,1
Oriflame Peru S.A,,1
Orion,No,1
Orion Contratistas Y Consultores Sac,,1
Os Enterprise,,1
Osiptel,,1
Ostim Sa,,1
Otros,,1
Outliers Soluciones Integrales De Calidad,,1
Overall (Para Dhl Express),,1
Overall Business,,1
Overall Business _Newmont Yanacocha,,1
Overall Business S.A.,,1
Overall Strategy Sac,,1
Oxxo Peru,,1
Oym Brands,,1
Oym Group,,1
P&Amp;Y Accesorios Y Repuestos,,1
Pacific Shipping Group,,1
Pacifico Compania De Seguros Y Reaseguros,,1
Pacifico Salud,,1
Pacifico Seguros Y Reaseguros,,1
Pacificos Seguros,,1
Packaging Products,,1
Padisa Technology,,1
Pae Peru Ingenieria De Servicios S.R.L. - Gepae,,1
Pagaya,,1
Page Consulting - Ibm,,1
Palacios &Amp; Asociados Agentes De Aduanas,,1
Palante Prestamos,,1
Palmas Fulfillment,,1
Panacea Consultores S.A.,Si,1
Panaderia Cristhian,,1
Panakia Consulting,,1
Pandora,,1
Pangeaco,,1
Panorama Bpo S.A.,,1
Panorama Services S.A.,,1
Papacho'S Restaurantes Sac,,1
Paradero V E.I.R.L,,1
Pardos Chicken Sac,,1
Paredes Cano Y Asociados,,1
Parque Del Recuerdo,,1
Partum Estudio,,1
Pasteleria Cafe Obsesion,,1
"Pasteleria Marina (Lima, Peru)",,1
Pavco Wavin,,1
Pb Facility Services,,1
Pdv Latin Group S.A.C,,1
Peak Performance &Amp; Neuroleadership Institute,,1
Pecano Erp,,1
Pejpp Lima2019 (High Service),,1
Pension 65,,1
Perfumes Europeos,,1
Pertel Del Peru,,1
Peru Ambiental Sac,,1
Peru Bus S.A.,,1
Peru Compras,,1
Peru Express S.A (Moneygram),,1
Peru Fashions,,1
Peru Food Import S.A.C.,,1
Peru Masivo,,1
Peru On Ice,,1
Peru Productos Agricolas,,1
Peru Trasciende,,1
Peruana De Moldeados S.A. (Pamolsa),,1
Peruanos Del Bicentenario Peru Global Empresarial Sac.,,1
Peruapps,,1
Perulinux Ng Sac,,1
Perurail,,1
Peruvian Goods & Services S.A.C.,,1
Pesquera Exalmar S.A.A,,1
Pesquera Majat Sac,,1
Petrex,,1
Petrex S. A.,,1
Petroleos Del Peru - Petroperu,,1
Petroperu,,1
Petroperu S.A.,,1
Pex Peru,,1
Phc Software,,1
Phc Software Peru Sac,,1
Philips Tv,,1
"Phx Ss, C.A",,1
Pidia Srl,,1
Pil Peru Sac,,1
Pinels Cuscinetti,,1
Place Peru,,1
Planifica,,1
Plasticos A Sac,,1
Plasticos Rio Santa S.A.,,1
Platanitos Boutique,,1
Platino 24 7,,1
Platino247,,1
Playwith Latin America,,1
Playwith Latin America Sac,,1
Plaza Multipack S.A.C,,1
Plaza San Miguel,,1
Plazma,,1
Pmconsultingsap,,1
Pmesut,,1
Pmi Lima Chapter,,1
Pmi Lima Peru Chapter (Voluntariado),,1
Poder Judicial - Corte Suprema,,1
Policia Nacional Del Peru,,1
Policlinico Julio C. Tello E.I.R.L,,1
Pomochi Sac,,1
Porta,,1
Portero Seguro,,1
Positive Communications,,1
Powerdata Peru,,1
Practia Consulting,,1
Pradera Consulting,,1
Preciso | Agencia De Contenidos,,1
Prenisac,,1
Presidencia De Consejo De Ministros,,1
Presidencia De Consejo De Ministros -Pcm,,1
Preventor,,1
Price Waterhouse Coopers,,1
Primax Peru,,1
Primed,,1
Printer 911 Sa,,1
Prisma Intelligence Consulting,,1
Pro Mujer Peru,,1
Pro Total Eirl,,1
Procesadora Laran S.A.C,,1
Procesadora Torreblanca S.A,,1
Procesos De Medios De Pago,,1
Procesos De Medios De Pago S.A.C - Izipay,,1
Procriu - Recife,,1
Procuraduria General Del Estado De Peru,,1
Prodac,,1
Prodac Sa,,1
Prodar S.A. De C.V.,,1
Produce,,1
Productos El Cedro,,1
Productos Tissue Del Peru S.A,,1
Proefit Group,,1
Proexi Sac,,1
Professsional Assembly Service ( Dallas - Usa ),,1
Profuturo Afp,,1
Programa Del Gobierno Regional De Lima,,1
Programa Juntos,,1
Programa Nacional - Juntos,,1
Programa Nacional De Centros Juveniles,,1
Programa Nacional De Centros Juveniles Pronaseg,,1
Proinversion,,1
Promart,,1
Promelsa,,1
Promet Peru Sac,,1
Promigas Peru S.A,,1
Prominco Real Sac,,1
Promotora De Servicios S.A.,,1
Promperu,,1
Pronabec Uccor Lambayeque,,1
Pronis,,1
Prosegur Activa,,1
Prosegur Alarmas,,1
Prosegur Tecnologia,,1
Prosegur Tecnologia S.A.,,1
Proseguridar,,1
Prosegur-Repsol,,1
Protiviti,,1
Protiviti Member Firm,,1
Protiviti Member Firme Peru Sac,,1
Protiviti Peru,,1
Proyeccion Informatica S.A.C,,1
Proyecto De Inversion Familiar,,1
"Proyecto De Transporte, Renting Vehicular, Mantenimiento Y Operaciones",,1
Proyecto Especial Legado Juegos Panamericanos 2019,,1
Proyecto Independiente,,1
Proyecto Libertad Peru,,1
Proyecto Personal,,1
"Proyecto Sgs, Outsourcing Infoparque",,1
Proyectos,,1
Proyectos Ti - Personales,,1
Pss Consulting - Bco Falabella,,1
Pss Peru S.A.C.,,1
Pss Peru Sac,,1
Pss Tecnologias De La Informacion,,1
Pss Ti,,1
Pss Ti Peru,,1
Publiultra,,1
Puerto Madero Sac,,1
Pum,,1
Pymeinnova,,1
Pymes Vision,,1
Qalidamos,,1
Qds - Group,,1
Qds Group,,1
Qds Sac En Banco Falabella,,1
Qellpu Peru,,1
Qnet,,1
Qreatila Marketing,,1
Qsi Peru,,1
Qsystem,Si,1
Qsystem - Cliente Mibanco,,1
Qsystem Sac,,1
Qualifacts - Pradera Tecnologies-,,1
Qualis Technology S.A.C.,,1
Qualys S.A. (Grupo Aenza),,1
Quimica Suiza Sac - Vanttive Sac,,1
Quimicos Goicochea S.A.C,,1
Quimpac S.A.,,1
Quiputech - Contrato Por Proyecto,,1
R&Amp;C Asesores Sac,,1
R&C Asesores Sac,,1
Radiadores Fortaleza,,1
Raken Data Group,,1
Ramfer Market,,1
Ransa S.A.C,,1
Rasemcorp Sac,,1
Rbm Sateci Sac,,1
Rc &Amp; Rc Ingenieria Y Construccion S.A.C.,,1
Rca Telemarketing S.A.C.,,1
Real Systems,,1
Real Systems S.A,,1
Real Systems S.A.,,1
Real Systems Sa,,1
Reaprende Sac,,1
Reboot,,1
Recovery Group Sac,,1
Recuenco Y Asociados Sac,,1
Recursos Humanos 2.0,,1
Red Cientifica Peruana,,1
Red De Estudios Para El Desarrollo,,1
Red Privada Virtual Qnet,,1
Red Salud S.A.C.,,1
Redbus Latam,,1
Redefine Peru,,1
Refax Peru,,1
Registro Nacional De Identificacion Y Estado Civil,,1
Relansa,,1
Reliper Sac,,1
Remicsa Drilling,,1
Reniec,,1
Renusa,,1
Renzo Costa,,1
Renzo Costa Sac,,1
Reparapp Sac,,1
Reparto Peru S.A.C,,1
Representaciones Peruanas Del Sur,,1
Representaciones Quimica Europea,,1
Representaciones Rodul S.A.C.,,1
Representaciones Techlab S.A.C,,1
Repsa,,1
Repsol Sa,,1
Resiter Peru,,1
Respaldoperu,,1
Restaurante Matria,,1
Restaurante Polleria D'Primavera,,1
Restaurantes,,1
Reuse Peru,,1
Revalion,,1
Revista Sudor,,1
Reyplast,,1
Ria Computing Services,,1
Ricoh Del Peru,,1
Rin Agency,,1
Ripconciv,,1
Ripley Y Falabella,,1
Riva Consultores &Amp; Asociados,,1
Rl Agro Business Sac,,1
Roca Peru,,1
Roldem Peru S.A.C.,,1
Rosen Peru Sa,,1
Royal Prestige,,1
Royal Systems,,1
Rp Ambiental Sac,,1
Rrn Consulting,,1
Rs Bps Sarrio &Amp; Asociados,,1
Rsk Consulting,,1
Rubros Sac,,1
Rules Cube,,1
Rumi Import S.A. - Grupo Metalindustrias,,1
Rupisol,,1
Ruta Tec,,1
Rvc,,1
Rx Tecompany,,1
Rxtecompany,,1
Rym Fumymser,,1
S10,,1
Sacs Ingenieros,,1
Sacyr Industrial S.A.C.,,1
Salesland Solution Peru,,1
Samsung Electronics - Overall Business,,1
San Fernando S.A.,,1
San Fernando Sa,,1
San Gerardo,,1
San Ignacio De Loyola,,1
San Martin Express S.A.C,,1
Sanilab International,,1
Sanna Healhcare Network,,1
Santa Elena,,1
Santa Elena - Avinka,,1
Santa Natura,,1
Santander Global Tech,,1
Santiago Queirolo,,1
Sapia - Proyecto Interbank,,1
Sapience + Partners,,1
Sapientia Corporation Eirl,,1
Satelital Telecomunicaciones,,1
Sauna Las Vegas,,1
Sav Importaciones Sac,,1
Savar Agentes De Aduana S.A.,,1
Scc,,1
Scharff,,1
Scharff International Courier And Cargo Sa,,1
Scharff Logistica,,1
Scotiabank Del Peru,,1
Scotiabank Peru S.A.A.,,1
Seaboard,,1
Sead,,1
Sealpath Information Rights Management,,1
Seclim,,1
Securesoft,,1
Securesoft Corporation,,1
Securesoft-Contrato Temporal Por Reemplazo 3 Meses,,1
Securitas S.A.C.,,1
Security Labs,,1
Sedapal,,1
Seguridad America Sa,,1
Segurinvest,,1
Segursat S.A.C,,1
Seidor,Si,1
Seidor Analytics,,1
Sempiterno Group,,1
Senalizacion Girod Peru Sac,,1
Senasa,,1
Sentinel,,1
Seratic S.A.C,,1
Serfor,,1
Serolperu Scrl,,1
Servex Sac,,1
Serviccon,,1
Servicio Call Center Entel Peru,,1
Servicio Especializado De Telemarketing,,1
Servicio Independiente,,1
Servicio Nacional De Capacitacion Para La Industria De La Construccion,,1
Servicios Bancarios Compartidos,,1
Servicios Callcom S.A.C.,,1
Servicios Comerciales Y Turisticos Dos De Mayo,,1
Servicios De Call Center,,1
Servicios De Samsung,,1
Servicios Generales G&Amp;P,,1
Servicios Medicos San Luis,,1
Servicios Petroleros Y Construcciones Sepcon Sac,,1
Servicios Tecnologicos Personalizados E.I.R.L,,1
"Servicios, Cobranzas E Inversiones S.A.",,1
Servicorp Sac,,1
Servitebca,,1
Serwell Sac,,1
Sesocio.Com,,1
Sgs Del Peru S.A.C,,1
Shalom Empresarial,,1
Siemens S.A.C.,,1
Sierra Exportadora,,1
Siesa Technologies S.A.C.,,1
Siglo Bpo,,1
Sigma Comunicaciones,,1
Sigma S.A.C,,1
Signature Peru,,1
Signo Vial Peru Sac,,1
Signos Y Disenos Creativos,,1
Sika,,1
Sima Peru,,1
Simple Peru,,1
Sinergia Comunicaciones,,1
Siscard Peru,,1
Siscotec Peru S.A.C.,,1
Sise Acs,,1
Sispro Sac,,1
Sistema Metropolitana De La Solidaridad,,1
Sistemas De Administracion Hospitalaria S.A.C. - Sanna,,1
Sivium Innersus,,1
Sk Rental,,1
Skbege Peru S.A.C,,1
Sky Logistics Sac,,1
Skyapp,,1
Skytel,,1
Sm Telecom - Distriuidor Autorizado Bitel,,1
Smart Brands,,1
Smartcode Consulting &Amp; Services,,1
Snkt Eirl,,1
Soa Profesional Peru S.A.C,,1
Soa Professional,,1
Soaint,Si,1
Soaint Peru Sac,,1
Sociedad De Beneficencia De Lima Metropolitana,,1
Sociedad Minera Corona,,1
Sociedad Minera Corona Sa,,1
Sociedad Nacional De Industrias,,1
Sociedad Peruana De Bienes Raices,,1
Socio - Thc Contadores S.A.C.,,1
Sodexo Pass Peru,,1
Sodexo Peru S.A.C.,,1
Sodexo Peru Sac,,1
Sodexo Unidad Mcp,,1
Sodimac Peru,No,1
Soemtic,,1
Softicslab,,1
Softmark Group Sac,,1
Softnet,,1
Sofware Enterprise Services,,1
Soho Color,,1
Sol Inmuebles,,1
Soldace Sac,,1
Soldaduras West Arco S.A.S. (Esab South America),,1
Solera,,1
Solera - Telefonica,,1
Solgas,,1
Solgas S.A.,,1
Solla S.A,,1
Soluciones Digitales,,1
Soluciones Ha,,1
Soluciones Inteligentes Integrales Sac,,1
Soluciones M4G,,1
Soluciones Orion,,1
Soluciones Sostenibles Integrales,,1
Somos Moto,,1
Sonda Del Peru S.A,,1
Sonda Del Peru S.A.,,1
Sonepar Peru S.A.C,,1
Soporte Promocional,,1
Soprin Sac,,1
Sotrami.Sa,,1
Southern Peru Copper Coporation Sucursal Del Peru,,1
Spc Corporacion Logistica,,1
Sprava Eirl,,1
Sr Group Peru Sac,,1
Ssays,,1
Ssays S.A.C,,1
Ssays Sac.,,1
St Computacion,,1
St Computacion S.A.C.,,1
Staff Representaciones,,1
Standford Utiles Y Cuadernos,,1
Stanleybet Group,,1
Stantec Peru S.A.,,1
Starwell Ingenieros,,1
Stattup Presente Marketing,,1
Storagedata,,1
Stracon S.A,,1
Stratebi Peru,,1
Studio Mutante,,1
Styla,,1
Suiza Lab,,1
Sullana Express Sac,,1
Summit,,1
Summit Consulting,,1
Sun Dreams,,1
Sunat- Intendencia Sistemas De Informacion,,1
Sungate,,1
Sunshine Export,,1
Super Mercados Peruanos,,1
Superintendencia De Banca Y Seguros Afp,,1
Superintendencia Nacional De Registros Publicos,,1
Superintendencia Nacional De Servicios De Saneamiento,,1
Supermecados Peruanos,,1
Supermercados Peruanos S.A,,1
Supermercados Peruanos Sa,,1
"Supermercados Peruanos, Plaza Vea",,1
Superpet/Superzoo,,1
Suplacorp S.A.C,,1
Supra Networks,,1
Surgicorp,,1
Surpack,,1
Swisscapitals,,1
Swissotel Lima,,1
Synlab,,1
Synlab Peru S.A.C.,,1
Sypsoft Monday,,1
Syr Agencia Digital,,1
System Support &Amp; Services,,1
System Support And Service,,1
System Support&Amp;Service,,1
Systemas,,1
Syz Mingesa,,1
Tac Servicios Generales S.A.C.,,1
Tadcon,,1
Tagumedica,,1
Tahua Pottery S.A.C.,,1
Tai Loy,,1
Tai Loy S.A,,1
Tale Constructora,,1
Talent 360,,1
Tanaka Valdivia &Amp; Asociadoa Sac,,1
Tandem Textil S.A.C.,,1
Tannder,,1
Target Marketing,,1
Target Solutions,,1
Tata Consultacy Service,,1
Tata Consultancy - Banco De Credito Del Peru,,1
Tata Consultancy Services - Tcs,,1
Tata Consulting Service,,1
Tata Consulting Services / Bcp,,1
Tata Consulting(Rimac),,1
Tawa Consulting S.A.C.,,1
Tawa Consulting Sac.,,1
Taxperu Consulting S.A.C,,1
Tcontakto,,1
Tcontakto Sac,,1
Tcs,,1
Tcs- Proyecto Banco Pichincha,,1
Tdem,,1
Te.Sa.M Peru - Telecomunicaciones Satelitales,,1
Teamsoft Sac,,1
Tec4,,1
Tech Solutions,,1
Tech Solutions Peru,,1
Techint S.A.C.,,1
Techmahindra,,1
Technological Trend,,1
Techo Peru,,1
Tecnicas Cp,,1
Tecnicas Cp Sac,,1
Tecnifajas S.A.,,1
Tecnologia De Materiales,,1
Tecnologia Flexografica Sac - Tecflex Sac,,1
Tecnologia Mco S.A.C.,,1
Tecnologica De Alimentos S.A,,1
Tecnovap Latinomerica,,1
Tecsema Sac,,1
Tecside Solution Sac,,1
Tecsur S.A.,,1
Teleatento,,1
Telectronic,,1
Telefonica (Stefanini),,1
Telefonica / Rio Pacifico,,1
Telefonica Del Peru - Rio Pacifico S.A.C.,,1
Telefonica Del Peru - Tech,,1
Telefonica Ingenieria De Seguridad S.A.,,1
Telefonica S.A.,,1
Telefonica Tech,,1
Telemetria Y Consultoria Ambiental,,1
Teleticket,,1
Tellstar Marketing,,1
Temputronic S.A.C,,1
Tenmas,,1
Teoma Corp Sac,,1
Teoma Global - Peru,,1
Teracloud,,1
Terminal Portuario Paracas,,1
Terminales Del Peru: Tyd Grana Y Montero Petrolera,,1
Tesacom Peru S.A.C.,,1
Tesis Great,,1
Texampe S.A,,1
Textil Elo,,1
Textil La Merced S.A.C.,,1
Textile Sourcing Company,,1
Textiles Camones Sa,,1
Textimax,,1
T-Gestiona,,1
Tgestiona - Telefonica,,1
Tgestiona / Perupetro Sa,,1
Tgestiona Para Cliente Media Network Del Grupo Telefonica,,1
Tgestiona Sac,,1
Th Sac,,1
The Children'S Place At Homesafe,,1
The Factory Hka,,1
The Golden Amazon Organic Grains S.A.C.,,1
The Palladium Group - Proyecto Catalyze Peru,,1
Thunderbirdresorts,,1
Ti Consulting,,1
Tienda Pago Peru,,1
Tiendas De Mejoramiento Del Hogar Sac,,1
Tiendas De Mejoramiento Del Hogar Sodimac,,1
Tiendas Por Departamento Ripley S.A.,,1
Tigre Peru,,1
T-Integro,,1
Titan Sign Company | Hana Design,,1
Tivit Latam,,1
Tk Elevadores Peru,,1
Tk Gym Fitness,,1
Tl Negocios,,1
Tns Consulting Sac,,1
Tolouse Lautrec,,1
Tomocorp Sac,,1
Top Strategic - Banco Santander Peru,,1
Top Strategic Sac,,1
Topestrategic,,1
Topsales Peru Sac,,1
Topstrategic,,1
Topy Top,,1
Torre,,1
Tortas Alfieri,,1
Total Talent Human Resources,,1
Totta,,1
Tottus Sa,,1
Touluse,,1
Toyosa S.A.,,1
Toyota,,1
Toyota Del Peru Sa,,1
Tpa Consultores,,1
Tp-Link Peru,,1
Tracklog,,1
Tradicion,,1
Trans Solutions System S.A.,,1
Transportes 77 S.A. - Abinbev,,1
Transportes Austral Group S.A.C.,,1
Transportes Edatur,,1
Transportes Kio,,1
Transportes Te.Ca S.A.C,,1
Transtotal Agencia Maritima,,1
Tras100D Consultoria,,1
Trazzo Iluminacion Sac,,1
Trento,,1
Trilce,,1
Triton Trading,,1
Truelogic,,1
Trupal S.A,,1
Trupal S.A.,,1
T-Saving,,1
Tsoft Global,,1
Tsoft Latam,,1
Tucambista Sac,,1
Tucorretaje.Com,,1
Tul,,1
Tumi Contratisas Mineros,,1
Tuv Rheinland Peru S.A.C.,,1
Two Tecnology Sac,,1
Tyc,,1
Ugel 03,,1
Ugel 05,,1
Ugel Del Distrito De Padre Abad,,1
Ugel Santa,,1
Unidad Oncologica Molecular Peruana,,1
Unilabs,,1
Union De Cervecerias Peruanas Backus Y Johnston Sociedad Anonima Abier,,1
Union De Obras De Asistencia Social,,1
"Universidad Catolica San Pablo - Arequipa, Peru",,1
Universidad Cientifica Del Sur,,1
Universidad Cientifica Del Sur S.A.C,,1
Universidad De Ciencias Aplicadas,,1
Universidad De Lambayeque,,1
Universidad De Las Americas,,1
Universidad Esan,,1
Universidad Jaime Bausate Y Meza,,1
Universidad Nacional Agraria La Molina,,1
Universidad Nacional Atonoma De Chota,,1
Universidad Nacional Del Callao,,1
Universidad Nacional Federico Villarreal,,1
Universidad Pacifico,,1
Universidad Peruana Cayetano Heredia,,1
Universidad Peruana De Ciencias Aplicadas(Upc),,1
Universidad Privada Del Norte Sac,,1
Universidad Privada Norbert Wiener S.A.,,1
Universidad Privada Norbet Wiener,,1
Universidad Privada Peruana Alemana Upal,,1
Universidad San Ignacio De Loyola - Usil,,1
Universidad San Martin De Porres,,1
Universidad Santo Domingo D Guzman,,1
Universidad Senor De Sipan,,1
Universidad Tecnologica Del Peru S.A.C,,1
Universidad Upc,,1
Unmsm Sum,,1
Unna Transporte S.A.C,,1
Untels,,1
Upao,,1
Upc - Universidad Peruana De Ciencias Aplicadas,,1
U-Planner,,1
Urbanica,,1
Usel,,1
Usmp,,1
Usmp Noticias (Tv),,1
Utec,,1
Utec Universidad De Ingenieria Y Tecnologia,,1
Utel,,1
Uvex Safety Group Gmbh,,1
V S Logistic World,,1
V&Amp;C System School,,1
V&Amp;P Servicios Generales,,1
Vail Resorts,,1
Valtec Consultores S.R.L.,,1
Valtx (Ex T-Gestiona),,1
Valtx Peru,,1
Vanguardia Inmuebles,,1
Vanzys,,1
Vap,,1
Varias,,1
Vast Tecnica,,1
Vc Consultores Tic,,1
Ve Soluciones Logisticas Sac,,1
Vector It,,1
Vector Software Factory,,1
Vendomatica,,1
Veneactiva,,1
Venta De Alfajores,,1
Ventcorp S.A,,1
Vergara Silva &Amp; Asociados,,1
Verificativa,,1
Veriinfo,,1
Verisure,,1
Verisure Peru Sac,,1
Verizon Enterprise Solutions,,1
Vertice Empresarial,,1
Vertiv,,1
Vertiv Co,,1
Viajes Pacifico,,1
Viettel Construction Peru Sac,,1
Viettel Peru S.A.C,,1
Viettel Peru S.A.C.,,1
Viettel Peru S.A.C. | Bitel,,1
Viettel Peru Sac,,1
Vilcarana Contraistas Sac,,1
Villa Jardin Eventos,,1
Villagrass Peru,,1
Vilmark Srl,,1
Vina Tacama S.A.,,1
Viru,,1
Virutex Ilko,,1
Visanet,,1
Visanet S.A,,1
Visas Travel,,1
Vishopen,,1
Vistony,,1
Visual Soft S.A.C.,,1
Visualsat Sac,,1
Visualsoft S. A. C.,,1
Visualsoft S.A.C.,,1
Vite &Amp; Bernardello Bureau Consulting S.A.C.,,1
Viva Inmobiliaria,,1
Viva Negocio Inmobiliario Sa,,1
Vive Constructora E Inmobiliaria Sac,,1
Vmwaresis Sac,,1
Voluntariado - Congreso Nacional De Proyectos (Conapro 2022),,1
Volvo Group Peru,,1
Vooxell Group S.A.C,,1
Vp Operaciones,,1
Vpi Media Sac,,1
Vsi Industrial (Vainsa E Italgrif),,1
Wall Street English,,1
Wally Pos S.A.C,,1
Walt Disney World,,1
Wankatix,,1
Wasy Technology Sac,,1
Wayni Tech &Amp; People,,1
Weatherford Del Peru,,1
Web Control,,1
Web Developer,,1
Webhelp - Rappi,,1
Webhelp Peru,,1
Webtilia,,1
Weir Minerals Peru - Vulco Peru S.A.,,1
Wework Stattup Presente Marketing,,1
Wilson Alvarez Consulting,,1
Win Net,,1
Wind Telecomunicazioni,,1
Winet Telecom,,1
Wip App,,1
Woden Del Peru,,1
Wood,,1
Word Line S.A.C,,1
Work Natively,,1
Workana,,1
Worki 360,,1
World Security And Services S.A.C,,1
World Servicios Industriales,,1
Wsp Peru,,1
Wt Sourcing Peru,,1
Wts,,1
Wts Sourcing Peru,,1
Wunderman Thompson,,1
Wych Inversiones S.A.C,,1
Wydnex Sac,,1
Xenotics S.A.C,,1
Xirect,,1
Xirect Software Solution,,1
Xirect Software Solutions,,1
Xploring Solution,,1
Xpress Technology Services Xts,,1
Xygo,,1
Yanbal International - Unique,,1
Yobel,,1
Yunta,,1
Zamine Peru Sac,,1
Zat Consulting,,1
Zebrands,,1
Zega Studio,,1
Zegel Ipae (Intercorp),,1
Zeit,,1
Zeit - Telefonica,,1
Zemsania,,1
Zephier Technologies,,1
Zest Capital,,1
Zoluxiones - Corporacion Hayduk,,1
Zoluxiones / Rimac Seguros,,1
Zoluxiones S.A.C,,1
Zoluxiones S.A.C.,,1
Zonngo,,1
Zrii,,1
Zyo Fruits,,1
